name,idx,base_start,mult,d1,d2,pstart,pend,nlayovers,dtime,shour,mlegs,charter
C3,65799,OAK,6,2025-03-03,2025-03-08,1741008600.0,1741473600.0,5,28800,5,3,True
C4,65802,DAL,2,2025-03-07,2025-03-08,1741374000.0,1741488600.0,1,12000,13,1,True
C5,65803,BUR,1,2025-03-08,2025-03-08,1741447800.0,1741468800.0,0,21000,7,3,True
C6,65804,OAK,1,2025-03-19,2025-03-19,1742414400.0,1742439300.0,0,24900,13,3,True
C7,65805,DAL,1,2025-03-21,2025-03-21,1742560500.0,1742580000.0,0,19500,7,3,True
C8,65806,DAL,1,2025-03-23,2025-03-23,1742736900.0,1742756400.0,0,19500,8,3,True
400SCF01,66589,SCF,1,2025-03-01,2025-03-01,1740839400.0,1740871800.0,0,32400,7,4,False
202DAL01,66590,DAL,2,2025-03-01,2025-03-02,1740845400.0,1740975600.0,1,36900,10,4,False
760BUR01,66591,BUR,1,2025-03-01,2025-03-01,1740860400.0,1740894300.0,0,33900,12,4,False
114BUR01,66592,BUR,1,2025-03-01,2025-03-01,1740852000.0,1740883200.0,0,31200,10,4,False
106BUR01,66593,BUR,2,2025-03-01,2025-03-02,1740854700.0,1740974100.0,1,36900,10,2,False
476SCF01,66594,SCF,1,2025-03-01,2025-03-01,1740858300.0,1740885900.0,0,27600,12,4,False
171OAK01,66595,OAK,1,2025-03-01,2025-03-01,1740842100.0,1740858600.0,0,16500,7,2,False
104BUR01,66596,BUR,1,2025-03-01,2025-03-01,1740849300.0,1740879000.0,0,29700,9,4,False
470SCF01,66597,SCF,1,2025-03-01,2025-03-01,1740840600.0,1740878700.0,0,38100,7,4,False
175OAK01,66598,OAK,1,2025-03-01,2025-03-01,1740855600.0,1740885600.0,0,30000,11,4,False
490SCF01,66599,SCF,1,2025-03-01,2025-03-01,1740851100.0,1740869400.0,0,18300,10,2,False
308LAS01,66600,LAS,1,2025-03-01,2025-03-01,1740856800.0,1740884400.0,0,27600,11,4,False
654LAS01,66601,LAS,1,2025-03-01,2025-03-01,1740846000.0,1740877200.0,0,31200,8,4,False
300LAS01,66602,LAS,1,2025-03-01,2025-03-01,1740841200.0,1740876000.0,0,34800,7,4,False
302LAS01,66603,LAS,1,2025-03-01,2025-03-01,1740852900.0,1740882600.0,0,29700,10,4,False
280DAL01,66604,DAL,2,2025-03-01,2025-03-02,1740834900.0,1740966600.0,1,32100,7,3,False
722SNA01,66605,SNA,1,2025-03-01,2025-03-01,1740855000.0,1740887100.0,0,32100,10,4,False
1098DAL01,66606,DAL,1,2025-03-01,2025-03-01,1740842100.0,1740872100.0,0,30000,9,2,False
470SCF02,66607,SCF,1,2025-03-02,2025-03-02,1740927000.0,1740965100.0,0,38100,7,4,False
108BUR02,66608,BUR,1,2025-03-02,2025-03-02,1740952500.0,1740980700.0,0,28200,13,4,False
460OAK02,66609,OAK,1,2025-03-02,2025-03-02,1740932400.0,1740967800.0,0,35400,8,4,False
109LAS02,66610,LAS,1,2025-03-02,2025-03-02,1740955200.0,1740982500.0,0,27300,14,4,False
490SCF02,66611,SCF,1,2025-03-02,2025-03-02,1740937500.0,1740970500.0,0,33000,10,4,False
119LAS02,66612,LAS,1,2025-03-02,2025-03-02,1740937500.0,1740966000.0,0,28500,9,4,False
120BUR02,66613,BUR,1,2025-03-02,2025-03-02,1740949800.0,1740980100.0,0,30300,13,4,False
760BUR02,66614,BUR,1,2025-03-02,2025-03-02,1740946800.0,1740967500.0,0,20700,12,2,False
476SCF02,66615,SCF,1,2025-03-02,2025-03-02,1740930300.0,1740958800.0,0,28500,8,4,False
128LAS02,66616,LAS,1,2025-03-02,2025-03-02,1740952200.0,1740979800.0,0,27600,13,4,False
620LAS02,66617,LAS,1,2025-03-02,2025-03-02,1740933900.0,1740969600.0,0,35700,8,4,False
100BUR02,66618,BUR,1,2025-03-02,2025-03-02,1740924000.0,1740951300.0,0,27300,6,4,False
900DAL02,66619,DAL,1,2025-03-02,2025-03-02,1740930600.0,1740970200.0,0,39600,9,4,False
280DAL02,66620,DAL,2,2025-03-02,2025-03-03,1740921300.0,1741062000.0,1,31500,7,3,False
286DAL02,66621,DAL,1,2025-03-02,2025-03-02,1740957300.0,1740972600.0,0,15300,17,2,False
904BUR02,66622,BUR,1,2025-03-02,2025-03-02,1740933900.0,1740969600.0,0,35700,8,4,False
300LAS02,66623,LAS,1,2025-03-02,2025-03-02,1740927600.0,1740958200.0,0,30600,7,4,False
171OAK02,66624,OAK,1,2025-03-02,2025-03-02,1740927600.0,1740945000.0,0,17400,7,2,False
408SCF02,66625,SCF,1,2025-03-02,2025-03-02,1740963000.0,1740978600.0,0,15600,17,2,False
175OAK02,66626,OAK,1,2025-03-02,2025-03-02,1740941100.0,1740970500.0,0,29400,10,4,False
370LAS02,66627,LAS,1,2025-03-02,2025-03-02,1740935700.0,1740964800.0,0,29100,9,4,False
404SCF02,66628,SCF,1,2025-03-02,2025-03-02,1740933600.0,1740952200.0,0,18600,9,2,False
775BUR02,66629,BUR,1,2025-03-02,2025-03-02,1740932100.0,1740962400.0,0,30300,8,4,False
402SCF02,66630,SCF,1,2025-03-02,2025-03-02,1740957300.0,1740975300.0,0,18000,16,2,False
400SCF02,66631,SCF,1,2025-03-02,2025-03-02,1740925800.0,1740957900.0,0,32100,7,4,False
201LAS02,66632,LAS,1,2025-03-02,2025-03-02,1740938400.0,1740967800.0,0,29400,10,2,False
302LAS02,66633,LAS,1,2025-03-02,2025-03-02,1740939300.0,1740969000.0,0,29700,10,4,False
654LAS02,66634,LAS,1,2025-03-02,2025-03-02,1740932400.0,1740966300.0,0,33900,8,4,False
750DAL02,66635,DAL,2,2025-03-02,2025-03-03,1740924000.0,1741048200.0,1,36000,8,3,False
720SNA02,66636,SNA,1,2025-03-02,2025-03-02,1740934800.0,1740966900.0,0,32100,9,4,False
490SCF03,66637,SCF,1,2025-03-03,2025-03-03,1741023900.0,1741056900.0,0,33000,10,4,False
402SCF03,66638,SCF,1,2025-03-03,2025-03-03,1741043700.0,1741061700.0,0,18000,16,2,False
120BUR03,66639,BUR,1,2025-03-03,2025-03-03,1741036200.0,1741052400.0,0,16200,13,2,False
904BUR03,66640,BUR,1,2025-03-03,2025-03-03,1741020300.0,1741044000.0,0,23700,8,2,False
775BUR03,66641,BUR,1,2025-03-03,2025-03-03,1741018500.0,1741053900.0,0,35400,8,4,False
404SCF03,66642,SCF,1,2025-03-03,2025-03-03,1741020000.0,1741038600.0,0,18600,9,2,False
720SNA03,66643,SNA,1,2025-03-03,2025-03-03,1741021200.0,1741053300.0,0,32100,9,4,False
750DAL03,66644,DAL,1,2025-03-03,2025-03-03,1741010400.0,1741050000.0,0,39600,8,4,False
201LAS03,66645,LAS,1,2025-03-03,2025-03-03,1741024800.0,1741054200.0,0,29400,10,2,False
370LAS03,66646,LAS,1,2025-03-03,2025-03-03,1741022100.0,1741051200.0,0,29100,9,4,False
400SCF03,66647,SCF,1,2025-03-03,2025-03-03,1741012200.0,1741044300.0,0,32100,7,4,False
620LAS03,66648,LAS,1,2025-03-03,2025-03-03,1741020300.0,1741056000.0,0,35700,8,4,False
300LAS03,66649,LAS,1,2025-03-03,2025-03-03,1741014000.0,1741044600.0,0,30600,7,4,False
460OAK03,66650,OAK,1,2025-03-03,2025-03-03,1741018800.0,1741054200.0,0,35400,8,4,False
100BUR03,66651,BUR,1,2025-03-03,2025-03-03,1741010400.0,1741037700.0,0,27300,6,4,False
108BUR03,66652,BUR,1,2025-03-03,2025-03-03,1741038900.0,1741067100.0,0,28200,13,4,False
650LAS03,66654,LAS,1,2025-03-03,2025-03-03,1741033800.0,1741052100.0,0,18300,12,2,False
470SCF03,66655,SCF,1,2025-03-03,2025-03-03,1741013400.0,1741051500.0,0,38100,7,4,False
320LAS03,66656,LAS,1,2025-03-03,2025-03-03,1741023000.0,1741038600.0,0,15600,9,2,False
900DAL03,66657,DAL,1,2025-03-03,2025-03-03,1741017000.0,1741056600.0,0,39600,9,4,False
170BUR03,66658,BUR,1,2025-03-03,2025-03-03,1741011300.0,1741041600.0,0,30300,6,4,False
476SCF03,66659,SCF,1,2025-03-03,2025-03-03,1741016700.0,1741045200.0,0,28500,8,4,False
109LAS03,66660,LAS,1,2025-03-03,2025-03-03,1741041600.0,1741068900.0,0,27300,14,4,False
290DAL03,66661,DAL,1,2025-03-03,2025-03-03,1741021200.0,1741036500.0,0,15300,11,2,False
175OAK03,66662,OAK,1,2025-03-03,2025-03-03,1741022100.0,1741051500.0,0,29400,9,4,False
141BUR03,66663,BUR,1,2025-03-03,2025-03-03,1741031400.0,1741063800.0,0,32400,11,4,False
302LAS03,66664,LAS,1,2025-03-03,2025-03-03,1741025700.0,1741055400.0,0,29700,10,4,False
280DAL03,66665,DAL,2,2025-03-03,2025-03-04,1741004100.0,1741148400.0,1,30300,6,3,False
290DAL04,66666,DAL,1,2025-03-04,2025-03-04,1741107600.0,1741140900.0,0,33300,11,4,False
400SCF04,66667,SCF,1,2025-03-04,2025-03-04,1741098600.0,1741130700.0,0,32100,7,4,False
170BUR04,66668,BUR,1,2025-03-04,2025-03-04,1741097700.0,1741125300.0,0,27600,6,4,False
760BUR04,66669,BUR,1,2025-03-04,2025-03-04,1741119600.0,1741140300.0,0,20700,12,2,False
176BUR04,66670,BUR,1,2025-03-04,2025-03-04,1741133100.0,1741150200.0,0,17100,16,2,False
472SCF04,66671,SCF,1,2025-03-04,2025-03-04,1741107000.0,1741139100.0,0,32100,9,4,False
175OAK04,66672,OAK,1,2025-03-04,2025-03-04,1741108500.0,1741137900.0,0,29400,9,4,False
654LAS04,66673,LAS,1,2025-03-04,2025-03-04,1741101000.0,1741119000.0,0,18000,7,2,False
490SCF04,66674,SCF,1,2025-03-04,2025-03-04,1741110300.0,1741145100.0,0,34800,10,4,False
750DAL04,66675,DAL,1,2025-03-04,2025-03-04,1741109400.0,1741136400.0,0,27000,11,2,False
108BUR04,66676,BUR,1,2025-03-04,2025-03-04,1741121700.0,1741153500.0,0,31800,12,4,False
624LAS04,66677,LAS,1,2025-03-04,2025-03-04,1741116600.0,1741144800.0,0,28200,11,4,False
101LAS04,66678,LAS,1,2025-03-04,2025-03-04,1741096800.0,1741128000.0,0,31200,6,4,False
109LAS04,66679,LAS,1,2025-03-04,2025-03-04,1741125000.0,1741152600.0,0,27600,13,4,False
280DAL04,66680,DAL,2,2025-03-04,2025-03-05,1741090500.0,1741234800.0,1,30300,6,3,False
624LAS05,66681,LAS,1,2025-03-05,2025-03-05,1741203000.0,1741219200.0,0,16200,11,2,False
175OAK05,66682,OAK,1,2025-03-05,2025-03-05,1741194900.0,1741224300.0,0,29400,9,4,False
490SCF05,66683,SCF,1,2025-03-05,2025-03-05,1741196700.0,1741231500.0,0,34800,10,4,False
108BUR05,66684,BUR,1,2025-03-05,2025-03-05,1741208100.0,1741239900.0,0,31800,12,4,False
101LAS05,66685,LAS,1,2025-03-05,2025-03-05,1741183200.0,1741214400.0,0,31200,6,4,False
654LAS05,66686,LAS,2,2025-03-05,2025-03-06,1741187400.0,1741310400.0,1,37800,7,4,False
280DAL05,66687,DAL,2,2025-03-05,2025-03-06,1741176900.0,1741321200.0,1,30300,6,3,False
109LAS05,66688,LAS,1,2025-03-05,2025-03-05,1741211400.0,1741239000.0,0,27600,13,4,False
170BUR05,66689,BUR,1,2025-03-05,2025-03-05,1741184100.0,1741211700.0,0,27600,6,4,False
176BUR05,66690,BUR,1,2025-03-05,2025-03-05,1741219500.0,1741236600.0,0,17100,16,2,False
760BUR05,66691,BUR,1,2025-03-05,2025-03-05,1741206000.0,1741226700.0,0,20700,12,2,False
400SCF05,66692,SCF,2,2025-03-05,2025-03-06,1741185000.0,1741324200.0,1,34800,7,4,False
290DAL05,66693,DAL,1,2025-03-05,2025-03-05,1741194000.0,1741227300.0,0,33300,11,4,False
472SCF05,66694,SCF,1,2025-03-05,2025-03-05,1741193400.0,1741225500.0,0,32100,9,4,False
750DAL05,66695,DAL,1,2025-03-05,2025-03-05,1741195800.0,1741222800.0,0,27000,11,2,False
109LAS06,66696,LAS,1,2025-03-06,2025-03-06,1741300800.0,1741328100.0,0,27300,14,4,False
175OAK06,66697,OAK,1,2025-03-06,2025-03-06,1741281300.0,1741310700.0,0,29400,9,4,False
141BUR06,66698,BUR,1,2025-03-06,2025-03-06,1741290600.0,1741323000.0,0,32400,11,4,False
170BUR06,66699,BUR,2,2025-03-06,2025-03-07,1741270500.0,1741399500.0,1,33900,6,4,False
460OAK06,66700,OAK,1,2025-03-06,2025-03-06,1741278000.0,1741313400.0,0,35400,8,4,False
290DAL06,66701,DAL,1,2025-03-06,2025-03-06,1741280400.0,1741313700.0,0,33300,11,4,False
101LAS06,66702,LAS,1,2025-03-06,2025-03-06,1741269600.0,1741298100.0,0,28500,6,4,False
900DAL06,66703,DAL,1,2025-03-06,2025-03-06,1741262400.0,1741302000.0,0,39600,6,4,False
280DAL06,66704,DAL,2,2025-03-06,2025-03-07,1741263300.0,1741395000.0,1,37500,6,4,False
108BUR06,66705,BUR,1,2025-03-06,2025-03-06,1741298100.0,1741326300.0,0,28200,13,4,False
320LAS06,66706,LAS,1,2025-03-06,2025-03-06,1741282200.0,1741311600.0,0,29400,9,4,False
476SCF06,66707,SCF,1,2025-03-06,2025-03-06,1741275900.0,1741304400.0,0,28500,8,4,False
490SCF06,66708,SCF,1,2025-03-06,2025-03-06,1741283100.0,1741316100.0,0,33000,10,4,False
654LAS06,66709,LAS,1,2025-03-06,2025-03-06,1741278000.0,1741311300.0,0,33300,8,4,False
402SCF06,66710,SCF,1,2025-03-06,2025-03-06,1741302900.0,1741320900.0,0,18000,16,2,False
750DAL06,66711,DAL,1,2025-03-06,2025-03-06,1741269600.0,1741309200.0,0,39600,8,4,False
904BUR06,66712,BUR,1,2025-03-06,2025-03-06,1741272300.0,1741307700.0,0,35400,6,4,False
720SNA06,66713,SNA,1,2025-03-06,2025-03-06,1741280400.0,1741312500.0,0,32100,9,4,False
201LAS06,66714,LAS,1,2025-03-06,2025-03-06,1741284000.0,1741313400.0,0,29400,10,2,False
400SCF06,66715,SCF,2,2025-03-06,2025-03-07,1741271400.0,1741401600.0,1,25500,7,3,False
106BUR06,66716,BUR,1,2025-03-06,2025-03-06,1741281600.0,1741311600.0,0,30000,9,4,False
100BUR06,66717,BUR,1,2025-03-06,2025-03-06,1741269600.0,1741285200.0,0,15600,6,2,False
620LAS06,66718,LAS,1,2025-03-06,2025-03-06,1741280400.0,1741317000.0,0,36600,9,4,False
300LAS06,66719,LAS,1,2025-03-06,2025-03-06,1741273200.0,1741303800.0,0,30600,7,4,False
302LAS06,66720,LAS,1,2025-03-06,2025-03-06,1741284900.0,1741314600.0,0,29700,10,4,False
404SCF06,66721,SCF,1,2025-03-06,2025-03-06,1741279200.0,1741297800.0,0,18600,9,2,False
775BUR06,66722,BUR,1,2025-03-06,2025-03-06,1741277700.0,1741313100.0,0,35400,8,4,False
750DAL07,66723,DAL,2,2025-03-07,2025-03-08,1741356000.0,1741485000.0,1,27900,8,3,False
400SCF07,66724,SCF,1,2025-03-07,2025-03-07,1741357800.0,1741389900.0,0,32100,7,4,False
904BUR07,66725,BUR,1,2025-03-07,2025-03-07,1741358700.0,1741382700.0,0,24000,6,2,False
101LAS07,66726,LAS,1,2025-03-07,2025-03-07,1741356000.0,1741384500.0,0,28500,6,4,False
286DAL07,66727,DAL,1,2025-03-07,2025-03-07,1741385400.0,1741400700.0,0,15300,16,2,False
170BUR07,66728,BUR,1,2025-03-07,2025-03-07,1741356900.0,1741387200.0,0,30300,6,4,False
775BUR07,66729,BUR,1,2025-03-07,2025-03-07,1741364100.0,1741398000.0,0,33900,8,4,False
322LAS07,66730,LAS,1,2025-03-07,2025-03-07,1741381200.0,1741411800.0,0,30600,13,4,False
201LAS07,66731,LAS,1,2025-03-07,2025-03-07,1741370400.0,1741399800.0,0,29400,10,2,False
900DAL07,66732,DAL,1,2025-03-07,2025-03-07,1741348800.0,1741388400.0,0,39600,6,4,False
175OAK07,66733,OAK,1,2025-03-07,2025-03-07,1741367700.0,1741397100.0,0,29400,9,4,False
408SCF07,66734,SCF,1,2025-03-07,2025-03-07,1741395000.0,1741410600.0,0,15600,17,2,False
320LAS07,66735,LAS,1,2025-03-07,2025-03-07,1741368600.0,1741401000.0,0,32400,9,4,False
720SNA07,66736,SNA,1,2025-03-07,2025-03-07,1741366800.0,1741398900.0,0,32100,9,4,False
206DAL07,66737,DAL,1,2025-03-07,2025-03-07,1741368600.0,1741398600.0,0,30000,11,2,False
402SCF07,66738,SCF,1,2025-03-07,2025-03-07,1741389300.0,1741407300.0,0,18000,16,2,False
280DAL07,66739,DAL,2,2025-03-07,2025-03-08,1741349700.0,1741494900.0,1,30600,6,3,False
470SCF07,66740,SCF,1,2025-03-07,2025-03-07,1741359000.0,1741397100.0,0,38100,7,4,False
108BUR07,66741,BUR,1,2025-03-07,2025-03-07,1741384500.0,1741412700.0,0,28200,13,4,False
300LAS07,66742,LAS,1,2025-03-07,2025-03-07,1741359600.0,1741390200.0,0,30600,7,4,False
620LAS07,66743,LAS,1,2025-03-07,2025-03-07,1741365900.0,1741401600.0,0,35700,8,4,False
654LAS07,66744,LAS,1,2025-03-07,2025-03-07,1741364400.0,1741397700.0,0,33300,8,4,False
123LAS07,66745,LAS,1,2025-03-07,2025-03-07,1741369500.0,1741398000.0,0,28500,9,4,False
141BUR07,66746,BUR,1,2025-03-07,2025-03-07,1741377000.0,1741409400.0,0,32400,11,4,False
109LAS07,66747,LAS,1,2025-03-07,2025-03-07,1741387200.0,1741414500.0,0,27300,14,4,False
476SCF07,66748,SCF,1,2025-03-07,2025-03-07,1741362300.0,1741390800.0,0,28500,8,4,False
302LAS07,66749,LAS,1,2025-03-07,2025-03-07,1741371300.0,1741400100.0,0,28800,10,4,False
460OAK07,66750,OAK,1,2025-03-07,2025-03-07,1741364400.0,1741399800.0,0,35400,8,4,False
100BUR07,66751,BUR,1,2025-03-07,2025-03-07,1741356000.0,1741383300.0,0,27300,6,4,False
490SCF07,66752,SCF,1,2025-03-07,2025-03-07,1741369500.0,1741402500.0,0,33000,10,4,False
202DAL08,66753,DAL,2,2025-03-08,2025-03-09,1741450200.0,1741564800.0,1,27900,10,3,False
XE104,66754,BUR,1,2025-03-08,2025-03-08,1741454100.0,1741482000.0,0,27900,9,4,False
760BUR08,66755,BUR,1,2025-03-08,2025-03-08,1741465200.0,1741499100.0,0,33900,12,4,False
496DAL08,66756,DAL,1,2025-03-08,2025-03-08,1741440600.0,1741467300.0,0,26700,7,2,False
504DAL08,66757,DAL,1,2025-03-08,2025-03-08,1741441500.0,1741463700.0,0,22200,7,2,False
106BUR08,66758,BUR,1,2025-03-08,2025-03-08,1741459500.0,1741486200.0,0,26700,10,4,False
490SCF08,66759,SCF,1,2025-03-08,2025-03-08,1741455900.0,1741490700.0,0,34800,10,4,False
300LAS08,66760,LAS,1,2025-03-08,2025-03-08,1741446000.0,1741461900.0,0,15900,7,2,False
114BUR08,66761,BUR,1,2025-03-08,2025-03-08,1741456800.0,1741488000.0,0,31200,10,4,False
400SCF08,66762,SCF,1,2025-03-08,2025-03-08,1741444200.0,1741478700.0,0,34500,7,4,False
654LAS08,66763,LAS,1,2025-03-08,2025-03-08,1741450800.0,1741482000.0,0,31200,8,4,False
1090DAL08,66764,DAL,1,2025-03-08,2025-03-08,1741447200.0,1741477200.0,0,30000,9,2,False
520DAL08,66765,DAL,1,2025-03-08,2025-03-08,1741464300.0,1741485900.0,0,21600,14,2,False
308LAS08,66766,LAS,1,2025-03-08,2025-03-08,1741461600.0,1741489200.0,0,27600,11,4,False
174BUR08,66767,BUR,2,2025-03-08,2025-03-09,1741467600.0,1741581300.0,1,25800,13,3,False
722SNA08,66768,SNA,1,2025-03-08,2025-03-08,1741459800.0,1741491900.0,0,32100,10,4,False
302LAS08,66769,LAS,1,2025-03-08,2025-03-08,1741457700.0,1741487400.0,0,29700,10,4,False
171OAK08,66770,OAK,2,2025-03-08,2025-03-09,1741446900.0,1741575000.0,1,24000,7,3,False
470SCF08,66771,SCF,1,2025-03-08,2025-03-08,1741445400.0,1741483500.0,0,38100,7,4,False
280DAL08,66772,DAL,2,2025-03-08,2025-03-09,1741439700.0,1741576800.0,1,32100,7,3,False
1092DAL08,66773,DAL,1,2025-03-08,2025-03-08,1741461000.0,1741491000.0,0,30000,13,2,False
520DAL09,66774,DAL,1,2025-03-09,2025-03-09,1741526100.0,1741547700.0,0,21600,8,2,False
171OAK09,66775,OAK,1,2025-03-09,2025-03-09,1741528800.0,1741558500.0,0,29700,7,4,False
320LAS09,66776,LAS,1,2025-03-09,2025-03-09,1741537800.0,1741570200.0,0,32400,9,4,False
654LAS09,66777,LAS,1,2025-03-09,2025-03-09,1741533600.0,1741567500.0,0,33900,8,4,False
104BUR09,66778,BUR,1,2025-03-09,2025-03-09,1741539900.0,1741569000.0,0,29100,10,4,False
119LAS09,66779,LAS,1,2025-03-09,2025-03-09,1741538700.0,1741567200.0,0,28500,9,4,False
775BUR09,66780,BUR,1,2025-03-09,2025-03-09,1741533300.0,1741563600.0,0,30300,8,4,False
504DAL09,66781,DAL,1,2025-03-09,2025-03-09,1741551300.0,1741573500.0,0,22200,15,2,False
494DAL09,66782,DAL,1,2025-03-09,2025-03-09,1741546800.0,1741574100.0,0,27300,14,2,False
400SCF09,66783,SCF,1,2025-03-09,2025-03-09,1741527000.0,1741559100.0,0,32100,6,4,False
286DAL09,66784,DAL,1,2025-03-09,2025-03-09,1741558500.0,1741573800.0,0,15300,17,2,False
900DAL09,66785,DAL,1,2025-03-09,2025-03-09,1741531800.0,1741571400.0,0,39600,9,4,False
490SCF09,66786,SCF,1,2025-03-09,2025-03-09,1741538700.0,1741571700.0,0,33000,9,4,False
201LAS09,66787,LAS,1,2025-03-09,2025-03-09,1741539600.0,1741569000.0,0,29400,10,2,False
904BUR09,66788,BUR,1,2025-03-09,2025-03-09,1741535100.0,1741570800.0,0,35700,8,4,False
101LAS09,66789,LAS,1,2025-03-09,2025-03-09,1741525200.0,1741553700.0,0,28500,6,4,False
100BUR09,66790,BUR,1,2025-03-09,2025-03-09,1741525200.0,1741552500.0,0,27300,6,4,False
460OAK09,66791,OAK,1,2025-03-09,2025-03-09,1741533600.0,1741569000.0,0,35400,8,4,False
109LAS09,66792,LAS,1,2025-03-09,2025-03-09,1741556400.0,1741583700.0,0,27300,14,4,False
408SCF09,66793,SCF,1,2025-03-09,2025-03-09,1741564200.0,1741579800.0,0,15600,16,2,False
302LAS09,66794,LAS,1,2025-03-09,2025-03-09,1741540500.0,1741568700.0,0,28200,10,4,False
620LAS09,66795,LAS,1,2025-03-09,2025-03-09,1741535100.0,1741570800.0,0,35700,8,4,False
720SNA09,66796,SNA,1,2025-03-09,2025-03-09,1741536000.0,1741568100.0,0,32100,9,4,False
1094DAL09,66797,DAL,1,2025-03-09,2025-03-09,1741524000.0,1741554000.0,0,30000,7,2,False
760BUR09,66798,BUR,1,2025-03-09,2025-03-09,1741548000.0,1741581900.0,0,33900,12,4,False
470SCF09,66799,SCF,1,2025-03-09,2025-03-09,1741528200.0,1741566300.0,0,38100,6,4,False
280DAL09,66800,DAL,1,2025-03-09,2025-03-09,1741522500.0,1741537800.0,0,15300,7,2,False
404SCF09,66801,SCF,1,2025-03-09,2025-03-09,1741543200.0,1741576500.0,0,33300,11,4,False
750DAL09,66802,DAL,2,2025-03-09,2025-03-10,1741525200.0,1741650000.0,1,34800,8,3,False
476SCF09,66803,SCF,1,2025-03-09,2025-03-09,1741531500.0,1741560000.0,0,28500,7,4,False
300LAS09,66804,LAS,1,2025-03-09,2025-03-09,1741528800.0,1741559400.0,0,30600,7,4,False
109LAS10,66805,LAS,1,2025-03-10,2025-03-10,1741642800.0,1741670100.0,0,27300,14,4,False
650LAS10,66806,LAS,1,2025-03-10,2025-03-10,1741635000.0,1741653300.0,0,18300,12,2,False
900DAL10,66807,DAL,1,2025-03-10,2025-03-10,1741618200.0,1741657800.0,0,39600,9,4,False
620LAS10,66808,LAS,1,2025-03-10,2025-03-10,1741621500.0,1741657200.0,0,35700,8,4,False
302LAS10,66809,LAS,1,2025-03-10,2025-03-10,1741626900.0,1741656600.0,0,29700,10,4,False
320LAS10,66810,LAS,1,2025-03-10,2025-03-10,1741624200.0,1741653600.0,0,29400,9,4,False
102BUR10,66811,BUR,2,2025-03-10,2025-03-11,1741617600.0,1741754700.0,1,34800,7,5,False
280DAL10,66812,DAL,2,2025-03-10,2025-03-11,1741605300.0,1741749600.0,1,30300,6,3,False
101LAS10,66813,LAS,2,2025-03-10,2025-03-11,1741611600.0,1741732500.0,1,33600,6,5,False
720SNA10,66814,SNA,1,2025-03-10,2025-03-10,1741622400.0,1741654500.0,0,32100,9,4,False
490SCF10,66815,SCF,1,2025-03-10,2025-03-10,1741625100.0,1741658100.0,0,33000,9,4,False
290DAL10,66816,DAL,1,2025-03-10,2025-03-10,1741622400.0,1741655700.0,0,33300,11,4,False
476SCF10,66817,SCF,1,2025-03-10,2025-03-10,1741617900.0,1741646400.0,0,28500,7,4,False
404SCF10,66818,SCF,1,2025-03-10,2025-03-10,1741629600.0,1741662900.0,0,33300,11,4,False
300LAS10,66819,LAS,1,2025-03-10,2025-03-10,1741615200.0,1741645800.0,0,30600,7,4,False
120BUR10,66820,BUR,1,2025-03-10,2025-03-10,1741637400.0,1741668300.0,0,30900,13,4,False
775BUR10,66821,BUR,1,2025-03-10,2025-03-10,1741619700.0,1741655100.0,0,35400,8,4,False
175OAK10,66822,OAK,1,2025-03-10,2025-03-10,1741623300.0,1741652700.0,0,29400,9,4,False
470SCF10,66823,SCF,1,2025-03-10,2025-03-10,1741614600.0,1741652700.0,0,38100,6,4,False
170BUR10,66824,BUR,1,2025-03-10,2025-03-10,1741612500.0,1741628700.0,0,16200,6,2,False
408SCF10,66825,SCF,1,2025-03-10,2025-03-10,1741650600.0,1741666200.0,0,15600,16,2,False
141BUR10,66826,BUR,1,2025-03-10,2025-03-10,1741632600.0,1741665000.0,0,32400,11,4,False
750DAL10,66827,DAL,1,2025-03-10,2025-03-10,1741611600.0,1741651200.0,0,39600,8,4,False
460OAK10,66828,OAK,1,2025-03-10,2025-03-10,1741620000.0,1741655400.0,0,35400,8,4,False
400SCF10,66829,SCF,1,2025-03-10,2025-03-10,1741613400.0,1741645500.0,0,32100,6,4,False
100BUR10,66830,BUR,1,2025-03-10,2025-03-10,1741611600.0,1741638900.0,0,27300,6,4,False
201LAS10,66831,LAS,1,2025-03-10,2025-03-10,1741626000.0,1741655400.0,0,29400,10,2,False
760BUR11,66832,BUR,1,2025-03-11,2025-03-11,1741720800.0,1741741500.0,0,20700,12,2,False
750DAL11,66833,DAL,1,2025-03-11,2025-03-11,1741710600.0,1741737600.0,0,27000,11,2,False
175OAK11,66834,OAK,1,2025-03-11,2025-03-11,1741709700.0,1741739100.0,0,29400,9,4,False
290DAL11,66835,DAL,1,2025-03-11,2025-03-11,1741708800.0,1741742100.0,0,33300,11,4,False
280DAL11,66836,DAL,2,2025-03-11,2025-03-12,1741691700.0,1741836000.0,1,30300,6,3,False
624LAS11,66837,LAS,1,2025-03-11,2025-03-11,1741717800.0,1741746000.0,0,28200,11,4,False
101LAS11,66838,LAS,1,2025-03-11,2025-03-11,1741698000.0,1741729200.0,0,31200,6,4,False
109LAS11,66839,LAS,1,2025-03-11,2025-03-11,1741726200.0,1741753800.0,0,27600,13,4,False
400SCF11,66840,SCF,1,2025-03-11,2025-03-11,1741699800.0,1741731900.0,0,32100,6,4,False
472SCF11,66841,SCF,1,2025-03-11,2025-03-11,1741708200.0,1741743900.0,0,35700,8,4,False
654LAS11,66842,LAS,1,2025-03-11,2025-03-11,1741702200.0,1741720200.0,0,18000,7,2,False
176BUR11,66843,BUR,1,2025-03-11,2025-03-11,1741734300.0,1741751400.0,0,17100,16,2,False
490SCF11,66844,SCF,1,2025-03-11,2025-03-11,1741711500.0,1741746300.0,0,34800,9,4,False
170BUR12,66845,BUR,1,2025-03-12,2025-03-12,1741785300.0,1741812900.0,0,27600,6,4,False
624LAS12,66846,LAS,1,2025-03-12,2025-03-12,1741804200.0,1741832400.0,0,28200,11,4,False
750DAL12,66847,DAL,1,2025-03-12,2025-03-12,1741797000.0,1741824000.0,0,27000,11,2,False
280DAL12,66848,DAL,2,2025-03-12,2025-03-13,1741778100.0,1741922400.0,1,30300,6,3,False
290DAL12,66849,DAL,1,2025-03-12,2025-03-12,1741795200.0,1741828500.0,0,33300,11,4,False
101LAS12,66850,LAS,1,2025-03-12,2025-03-12,1741784400.0,1741815600.0,0,31200,6,4,False
109LAS12,66851,LAS,1,2025-03-12,2025-03-12,1741812600.0,1741840200.0,0,27600,13,4,False
654LAS12,66852,LAS,1,2025-03-12,2025-03-12,1741788600.0,1741806600.0,0,18000,7,2,False
490SCF12,66853,SCF,1,2025-03-12,2025-03-12,1741797900.0,1741832700.0,0,34800,9,4,False
175OAK12,66854,OAK,1,2025-03-12,2025-03-12,1741796100.0,1741825500.0,0,29400,9,4,False
176BUR12,66855,BUR,1,2025-03-12,2025-03-12,1741820700.0,1741837800.0,0,17100,16,2,False
760BUR12,66856,BUR,1,2025-03-12,2025-03-12,1741807200.0,1741827900.0,0,20700,12,2,False
108BUR12,66857,BUR,1,2025-03-12,2025-03-12,1741809300.0,1741841100.0,0,31800,12,4,False
400SCF12,66858,SCF,1,2025-03-12,2025-03-12,1741786200.0,1741818300.0,0,32100,6,4,False
472SCF12,66859,SCF,1,2025-03-12,2025-03-12,1741794600.0,1741830300.0,0,35700,8,4,False
290DAL13,66860,DAL,1,2025-03-13,2025-03-13,1741881600.0,1741914900.0,0,33300,11,4,False
900DAL13,66861,DAL,1,2025-03-13,2025-03-13,1741863600.0,1741903200.0,0,39600,6,4,False
302LAS13,66862,LAS,1,2025-03-13,2025-03-13,1741886100.0,1741915800.0,0,29700,10,4,False
750DAL13,66863,DAL,1,2025-03-13,2025-03-13,1741870800.0,1741910400.0,0,39600,8,4,False
300LAS13,66864,LAS,1,2025-03-13,2025-03-13,1741874400.0,1741905000.0,0,30600,7,4,False
100BUR13,66865,BUR,1,2025-03-13,2025-03-13,1741870800.0,1741898100.0,0,27300,6,4,False
141BUR13,66866,BUR,1,2025-03-13,2025-03-13,1741891800.0,1741924200.0,0,32400,11,4,False
470SCF13,66867,SCF,1,2025-03-13,2025-03-13,1741873800.0,1741911900.0,0,38100,6,4,False
460OAK13,66868,OAK,1,2025-03-13,2025-03-13,1741879200.0,1741914600.0,0,35400,8,4,False
170BUR13,66869,BUR,2,2025-03-13,2025-03-14,1741871700.0,1742013900.0,1,35100,6,5,False
408SCF13,66870,SCF,1,2025-03-13,2025-03-13,1741909800.0,1741925400.0,0,15600,16,2,False
175OAK13,66871,OAK,1,2025-03-13,2025-03-13,1741882500.0,1741911900.0,0,29400,9,4,False
476SCF13,66872,SCF,1,2025-03-13,2025-03-13,1741877100.0,1741905600.0,0,28500,7,4,False
108BUR13,66873,BUR,1,2025-03-13,2025-03-13,1741899300.0,1741927500.0,0,28200,13,4,False
109LAS13,66874,LAS,1,2025-03-13,2025-03-13,1741902000.0,1741929300.0,0,27300,14,4,False
620LAS13,66875,LAS,1,2025-03-13,2025-03-13,1741881600.0,1741918200.0,0,36600,9,4,False
490SCF13,66876,SCF,1,2025-03-13,2025-03-13,1741884300.0,1741917300.0,0,33000,9,4,False
654LAS13,66877,LAS,1,2025-03-13,2025-03-13,1741879200.0,1741912500.0,0,33300,8,4,False
120BUR13,66878,BUR,1,2025-03-13,2025-03-13,1741896600.0,1741912800.0,0,16200,13,2,False
404SCF13,66879,SCF,1,2025-03-13,2025-03-13,1741888800.0,1741922100.0,0,33300,11,4,False
201LAS13,66880,LAS,1,2025-03-13,2025-03-13,1741885200.0,1741914600.0,0,29400,10,2,False
720SNA13,66881,SNA,1,2025-03-13,2025-03-13,1741881600.0,1741913700.0,0,32100,9,4,False
322LAS13,66882,LAS,1,2025-03-13,2025-03-13,1741896000.0,1741911600.0,0,15600,13,2,False
101LAS13,66883,LAS,1,2025-03-13,2025-03-13,1741870800.0,1741899300.0,0,28500,6,4,False
320LAS13,66884,LAS,1,2025-03-13,2025-03-13,1741883400.0,1741912800.0,0,29400,9,4,False
280DAL13,66885,DAL,2,2025-03-13,2025-03-14,1741864500.0,1741996800.0,1,37500,6,4,False
904BUR13,66886,BUR,1,2025-03-13,2025-03-13,1741873500.0,1741908900.0,0,35400,6,4,False
775BUR13,66887,BUR,1,2025-03-13,2025-03-13,1741878900.0,1741914300.0,0,35400,8,4,False
400SCF13,66888,SCF,1,2025-03-13,2025-03-13,1741872600.0,1741904700.0,0,32100,6,4,False
720SNA14,66889,SNA,1,2025-03-14,2025-03-14,1741968000.0,1742000100.0,0,32100,9,4,False
322LAS14,66890,LAS,1,2025-03-14,2025-03-14,1741982400.0,1742013000.0,0,30600,13,4,False
302LAS14,66891,LAS,1,2025-03-14,2025-03-14,1741972500.0,1742001300.0,0,28800,10,4,False
620LAS14,66892,LAS,1,2025-03-14,2025-03-14,1741967100.0,1742002800.0,0,35700,8,4,False
320LAS14,66893,LAS,1,2025-03-14,2025-03-14,1741969800.0,1742002200.0,0,32400,9,4,False
490SCF14,66894,SCF,1,2025-03-14,2025-03-14,1741970700.0,1742003700.0,0,33000,9,4,False
400SCF14,66895,SCF,1,2025-03-14,2025-03-14,1741959000.0,1741991100.0,0,32100,6,4,False
460OAK14,66896,OAK,1,2025-03-14,2025-03-14,1741965600.0,1742001000.0,0,35400,8,4,False
470SCF14,66897,SCF,1,2025-03-14,2025-03-14,1741960200.0,1741998300.0,0,38100,6,4,False
476SCF14,66898,SCF,1,2025-03-14,2025-03-14,1741963500.0,1741992000.0,0,28500,7,4,False
408SCF14,66899,SCF,1,2025-03-14,2025-03-14,1741996200.0,1742011800.0,0,15600,16,2,False
654LAS14,66900,LAS,1,2025-03-14,2025-03-14,1741965600.0,1741998900.0,0,33300,8,4,False
900DAL14,66901,DAL,1,2025-03-14,2025-03-14,1741950000.0,1741989600.0,0,39600,6,4,False
775BUR14,66902,BUR,1,2025-03-14,2025-03-14,1741965300.0,1742000700.0,0,35400,8,4,False
404SCF14,66903,SCF,1,2025-03-14,2025-03-14,1741975200.0,1742008500.0,0,33300,11,4,False
750DAL14,66904,DAL,1,2025-03-14,2025-03-14,1741957200.0,1741996800.0,0,39600,8,4,False
280DAL14,66905,DAL,2,2025-03-14,2025-03-15,1741950900.0,1742096100.0,1,30600,6,3,False
904BUR14,66906,BUR,1,2025-03-14,2025-03-14,1741959900.0,1741999200.0,0,39300,6,4,False
300LAS14,66907,LAS,1,2025-03-14,2025-03-14,1741960800.0,1741991400.0,0,30600,7,4,False
1090DAL14,66908,DAL,1,2025-03-14,2025-03-14,1741961100.0,1741991100.0,0,30000,9,2,False
170BUR14,66909,BUR,2,2025-03-14,2025-03-15,1741958100.0,1742085000.0,1,37800,6,5,False
141BUR14,66910,BUR,1,2025-03-14,2025-03-14,1741978200.0,1742010600.0,0,32400,11,4,False
201LAS14,66911,LAS,1,2025-03-14,2025-03-14,1741971600.0,1742001000.0,0,29400,10,2,False
100BUR14,66912,BUR,1,2025-03-14,2025-03-14,1741957200.0,1741984500.0,0,27300,6,4,False
101LAS14,66913,LAS,1,2025-03-14,2025-03-14,1741957200.0,1741985700.0,0,28500,6,4,False
109LAS14,66914,LAS,1,2025-03-14,2025-03-14,1741988400.0,1742015700.0,0,27300,14,4,False
123LAS14,66915,LAS,1,2025-03-14,2025-03-14,1741970700.0,1741999200.0,0,28500,9,4,False
175OAK14,66916,OAK,1,2025-03-14,2025-03-14,1741968900.0,1741998300.0,0,29400,9,4,False
286DAL14,66917,DAL,1,2025-03-14,2025-03-14,1741986600.0,1742001900.0,0,15300,16,2,False
114BUR15,66918,BUR,1,2025-03-15,2025-03-15,1742058000.0,1742089200.0,0,31200,10,4,False
308LAS15,66919,LAS,1,2025-03-15,2025-03-15,1742062800.0,1742090400.0,0,27600,11,4,False
496DAL15,66920,DAL,1,2025-03-15,2025-03-15,1742041800.0,1742068500.0,0,26700,7,2,False
504DAL15,66921,DAL,1,2025-03-15,2025-03-15,1742042700.0,1742064900.0,0,22200,7,2,False
520DAL15,66922,DAL,1,2025-03-15,2025-03-15,1742065500.0,1742087100.0,0,21600,14,2,False
490SCF15,66923,SCF,1,2025-03-15,2025-03-15,1742057100.0,1742091900.0,0,34800,9,4,False
476SCF15,66924,SCF,1,2025-03-15,2025-03-15,1742067900.0,1742083500.0,0,15600,12,2,False
400SCF15,66925,SCF,2,2025-03-15,2025-03-16,1742045400.0,1742184600.0,1,34800,6,4,False
202DAL15,66926,DAL,2,2025-03-15,2025-03-16,1742051400.0,1742181600.0,1,35100,10,4,False
175OAK15,66927,OAK,1,2025-03-15,2025-03-15,1742061600.0,1742091600.0,0,30000,11,4,False
171OAK15,66928,OAK,1,2025-03-15,2025-03-15,1742048100.0,1742064600.0,0,16500,7,2,False
470SCF15,66929,SCF,1,2025-03-15,2025-03-15,1742046600.0,1742084700.0,0,38100,6,4,False
280DAL15,66930,DAL,1,2025-03-15,2025-03-15,1742040900.0,1742069700.0,0,28800,7,4,False
760BUR15,66931,BUR,1,2025-03-15,2025-03-15,1742066400.0,1742100300.0,0,33900,12,4,False
302LAS15,66932,LAS,1,2025-03-15,2025-03-15,1742058900.0,1742088600.0,0,29700,10,4,False
722SNA15,66933,SNA,1,2025-03-15,2025-03-15,1742061000.0,1742093100.0,0,32100,10,4,False
106BUR15,66934,BUR,1,2025-03-15,2025-03-15,1742060700.0,1742087400.0,0,26700,10,4,False
1096DAL15,66935,DAL,1,2025-03-15,2025-03-15,1742061900.0,1742091900.0,0,30000,13,2,False
654LAS15,66936,LAS,1,2025-03-15,2025-03-15,1742052000.0,1742083200.0,0,31200,8,4,False
100BUR15,66937,BUR,2,2025-03-15,2025-03-16,1742043600.0,1742186100.0,1,23700,6,3,False
1092DAL15,66938,DAL,1,2025-03-15,2025-03-15,1742047500.0,1742077500.0,0,30000,9,2,False
171OAK16,66939,OAK,1,2025-03-16,2025-03-16,1742133600.0,1742151000.0,0,17400,7,2,False
300LAS16,66940,LAS,1,2025-03-16,2025-03-16,1742133600.0,1742164200.0,0,30600,7,4,False
760BUR16,66941,BUR,1,2025-03-16,2025-03-16,1742152800.0,1742186700.0,0,33900,12,4,False
470SCF16,66942,SCF,2,2025-03-16,2025-03-17,1742133000.0,1742271000.0,1,34800,6,4,False
1092DAL16,66943,DAL,1,2025-03-16,2025-03-16,1742134200.0,1742164200.0,0,30000,9,2,False
460OAK16,66944,OAK,1,2025-03-16,2025-03-16,1742138400.0,1742173800.0,0,35400,8,4,False
104BUR16,66945,BUR,1,2025-03-16,2025-03-16,1742144700.0,1742173800.0,0,29100,10,4,False
775BUR16,66946,BUR,1,2025-03-16,2025-03-16,1742138100.0,1742168400.0,0,30300,8,4,False
302LAS16,66947,LAS,1,2025-03-16,2025-03-16,1742145300.0,1742175000.0,0,29700,10,4,False
400SCF16,66948,SCF,1,2025-03-16,2025-03-16,1742131800.0,1742163900.0,0,32100,6,4,False
750DAL16,66949,DAL,1,2025-03-16,2025-03-16,1742130000.0,1742169600.0,0,39600,8,4,False
100BUR16,66950,BUR,2,2025-03-16,2025-03-17,1742130000.0,1742258400.0,1,38400,6,5,False
201LAS16,66951,LAS,1,2025-03-16,2025-03-16,1742144400.0,1742173800.0,0,29400,10,2,False
101LAS16,66952,LAS,1,2025-03-16,2025-03-16,1742130000.0,1742158500.0,0,28500,6,4,False
175OAK16,66953,OAK,1,2025-03-16,2025-03-16,1742147100.0,1742176500.0,0,29400,10,4,False
1094DAL16,66954,DAL,1,2025-03-16,2025-03-16,1742128800.0,1742158800.0,0,30000,7,2,False
720SNA16,66955,SNA,1,2025-03-16,2025-03-16,1742140800.0,1742172900.0,0,32100,9,4,False
404SCF16,66956,SCF,1,2025-03-16,2025-03-16,1742148000.0,1742181300.0,0,33300,11,4,False
504DAL16,66957,DAL,1,2025-03-16,2025-03-16,1742156100.0,1742178300.0,0,22200,15,2,False
494DAL16,66958,DAL,1,2025-03-16,2025-03-16,1742151600.0,1742178900.0,0,27300,14,2,False
490SCF16,66959,SCF,1,2025-03-16,2025-03-16,1742143500.0,1742176500.0,0,33000,9,4,False
286DAL16,66960,DAL,1,2025-03-16,2025-03-16,1742163300.0,1742178600.0,0,15300,17,2,False
620LAS16,66961,LAS,1,2025-03-16,2025-03-16,1742139900.0,1742175600.0,0,35700,8,4,False
904BUR16,66962,BUR,1,2025-03-16,2025-03-16,1742139900.0,1742175600.0,0,35700,8,4,False
520DAL16,66963,DAL,1,2025-03-16,2025-03-16,1742130900.0,1742152500.0,0,21600,8,2,False
109LAS16,66964,LAS,1,2025-03-16,2025-03-16,1742161200.0,1742188500.0,0,27300,14,4,False
900DAL16,66965,DAL,1,2025-03-16,2025-03-16,1742136600.0,1742176200.0,0,39600,9,4,False
476SCF16,66966,SCF,1,2025-03-16,2025-03-16,1742136300.0,1742164800.0,0,28500,7,4,False
654LAS16,66967,LAS,1,2025-03-16,2025-03-16,1742138400.0,1742172300.0,0,33900,8,4,False
280DAL16,66968,DAL,1,2025-03-16,2025-03-16,1742127300.0,1742142600.0,0,15300,7,2,False
119LAS16,66969,LAS,1,2025-03-16,2025-03-16,1742143500.0,1742172000.0,0,28500,9,4,False
320LAS16,66970,LAS,1,2025-03-16,2025-03-16,1742142600.0,1742170800.0,0,28200,9,4,False
128LAS16,66971,LAS,1,2025-03-16,2025-03-16,1742158200.0,1742185800.0,0,27600,13,4,False
775BUR17,66972,BUR,1,2025-03-17,2025-03-17,1742224500.0,1742259900.0,0,35400,8,4,False
750DAL17,66973,DAL,1,2025-03-17,2025-03-17,1742216400.0,1742256000.0,0,39600,8,4,False
109LAS17,66974,LAS,1,2025-03-17,2025-03-17,1742247600.0,1742274900.0,0,27300,14,4,False
201LAS17,66975,LAS,1,2025-03-17,2025-03-17,1742230800.0,1742260200.0,0,29400,10,2,False
141BUR17,66976,BUR,1,2025-03-17,2025-03-17,1742237400.0,1742269800.0,0,32400,11,4,False
620LAS17,66977,LAS,1,2025-03-17,2025-03-17,1742226300.0,1742262000.0,0,35700,8,4,False
100BUR17,66978,BUR,1,2025-03-17,2025-03-17,1742216400.0,1742243700.0,0,27300,6,4,False
470SCF17,66979,SCF,2,2025-03-17,2025-03-18,1742219400.0,1742336700.0,1,35400,6,4,False
400SCF17,66980,SCF,1,2025-03-17,2025-03-17,1742218200.0,1742250300.0,0,32100,6,4,False
101LAS17,66981,LAS,2,2025-03-17,2025-03-18,1742216400.0,1742337300.0,1,33600,6,5,False
404SCF17,66982,SCF,1,2025-03-17,2025-03-17,1742234400.0,1742267700.0,0,33300,11,4,False
490SCF17,66983,SCF,1,2025-03-17,2025-03-17,1742229900.0,1742262900.0,0,33000,9,4,False
650LAS17,66984,LAS,1,2025-03-17,2025-03-17,1742239800.0,1742258100.0,0,18300,12,2,False
170BUR17,66985,BUR,1,2025-03-17,2025-03-17,1742217300.0,1742247600.0,0,30300,6,4,False
460OAK17,66986,OAK,1,2025-03-17,2025-03-17,1742224800.0,1742260200.0,0,35400,8,4,False
720SNA17,66987,SNA,1,2025-03-17,2025-03-17,1742227200.0,1742259300.0,0,32100,9,4,False
108BUR17,66988,BUR,1,2025-03-17,2025-03-17,1742244900.0,1742273100.0,0,28200,13,4,False
476SCF17,66989,SCF,1,2025-03-17,2025-03-17,1742222700.0,1742251200.0,0,28500,7,4,False
175OAK17,66990,OAK,1,2025-03-17,2025-03-17,1742228100.0,1742257500.0,0,29400,9,4,False
102BUR17,66991,BUR,2,2025-03-17,2025-03-18,1742222400.0,1742359500.0,1,34800,7,5,False
302LAS17,66992,LAS,1,2025-03-17,2025-03-17,1742231700.0,1742261400.0,0,29700,10,4,False
900DAL17,66993,DAL,1,2025-03-17,2025-03-17,1742223000.0,1742262600.0,0,39600,9,4,False
280DAL17,66994,DAL,2,2025-03-17,2025-03-18,1742210100.0,1742354400.0,1,30300,6,3,False
320LAS17,66995,LAS,1,2025-03-17,2025-03-17,1742229000.0,1742258400.0,0,29400,9,4,False
290DAL17,66996,DAL,1,2025-03-17,2025-03-17,1742227200.0,1742260500.0,0,33300,11,4,False
624LAS18,66997,LAS,1,2025-03-18,2025-03-18,1742322600.0,1742350800.0,0,28200,11,4,False
290DAL18,66998,DAL,1,2025-03-18,2025-03-18,1742313600.0,1742346900.0,0,33300,11,4,False
280DAL18,66999,DAL,2,2025-03-18,2025-03-19,1742296500.0,1742440800.0,1,30300,6,3,False
472SCF18,67000,SCF,1,2025-03-18,2025-03-18,1742313000.0,1742348700.0,0,35700,8,4,False
750DAL18,67001,DAL,1,2025-03-18,2025-03-18,1742315400.0,1742342400.0,0,27000,11,2,False
175OAK18,67002,OAK,1,2025-03-18,2025-03-18,1742314500.0,1742343900.0,0,29400,9,4,False
760BUR18,67003,BUR,1,2025-03-18,2025-03-18,1742325600.0,1742346300.0,0,20700,12,2,False
109LAS18,67004,LAS,1,2025-03-18,2025-03-18,1742331000.0,1742358600.0,0,27600,13,4,False
490SCF18,67005,SCF,1,2025-03-18,2025-03-18,1742316300.0,1742351100.0,0,34800,9,4,False
400SCF18,67006,SCF,2,2025-03-18,2025-03-19,1742304600.0,1742423100.0,1,29700,6,3,False
101LAS18,67007,LAS,1,2025-03-18,2025-03-18,1742302800.0,1742334000.0,0,31200,6,4,False
176BUR18,67008,BUR,1,2025-03-18,2025-03-18,1742339100.0,1742356200.0,0,17100,16,2,False
750DAL19,67009,DAL,1,2025-03-19,2025-03-19,1742401800.0,1742428800.0,0,27000,11,2,False
176BUR19,67010,BUR,1,2025-03-19,2025-03-19,1742425500.0,1742442600.0,0,17100,16,2,False
175OAK19,67011,OAK,1,2025-03-19,2025-03-19,1742400900.0,1742430300.0,0,29400,9,4,False
760BUR19,67012,BUR,1,2025-03-19,2025-03-19,1742412000.0,1742432700.0,0,20700,12,2,False
290DAL19,67013,DAL,1,2025-03-19,2025-03-19,1742400000.0,1742433300.0,0,33300,11,4,False
101LAS19,67014,LAS,1,2025-03-19,2025-03-19,1742389200.0,1742420400.0,0,31200,6,4,False
624LAS19,67015,LAS,1,2025-03-19,2025-03-19,1742409000.0,1742437200.0,0,28200,11,4,False
280DAL19,67016,DAL,2,2025-03-19,2025-03-20,1742382900.0,1742527200.0,1,30300,6,3,False
108BUR19,67017,BUR,1,2025-03-19,2025-03-19,1742414100.0,1742445900.0,0,31800,12,4,False
170BUR19,67018,BUR,1,2025-03-19,2025-03-19,1742390100.0,1742417700.0,0,27600,6,4,False
490SCF19,67019,SCF,1,2025-03-19,2025-03-19,1742402700.0,1742437500.0,0,34800,9,4,False
400SCF19,67020,SCF,2,2025-03-19,2025-03-20,1742391000.0,1742530200.0,1,34800,6,4,False
472SCF19,67021,SCF,1,2025-03-19,2025-03-19,1742399400.0,1742435100.0,0,35700,8,4,False
109LAS19,67022,LAS,1,2025-03-19,2025-03-19,1742417400.0,1742445000.0,0,27600,13,4,False
109LAS20,67023,LAS,1,2025-03-20,2025-03-20,1742506800.0,1742534100.0,0,27300,14,4,False
460OAK20,67024,OAK,1,2025-03-20,2025-03-20,1742484000.0,1742519400.0,0,35400,8,4,False
620LAS20,67025,LAS,1,2025-03-20,2025-03-20,1742486400.0,1742523000.0,0,36600,9,4,False
108BUR20,67026,BUR,1,2025-03-20,2025-03-20,1742504100.0,1742532300.0,0,28200,13,4,False
170BUR20,67027,BUR,2,2025-03-20,2025-03-21,1742476500.0,1742605500.0,1,30000,6,3,False
654LAS20,67028,LAS,1,2025-03-20,2025-03-20,1742484000.0,1742517300.0,0,33300,8,4,False
720SNA20,67029,SNA,1,2025-03-20,2025-03-20,1742486400.0,1742518500.0,0,32100,9,4,False
775BUR20,67030,BUR,1,2025-03-20,2025-03-20,1742483700.0,1742519100.0,0,35400,8,4,False
280DAL20,67031,DAL,2,2025-03-20,2025-03-21,1742469300.0,1742602200.0,1,37500,6,4,False
476SCF20,67032,SCF,1,2025-03-20,2025-03-20,1742481900.0,1742510400.0,0,28500,7,4,False
101LAS20,67033,LAS,1,2025-03-20,2025-03-20,1742475600.0,1742504100.0,0,28500,6,4,False
120BUR20,67034,BUR,1,2025-03-20,2025-03-20,1742501400.0,1742517600.0,0,16200,13,2,False
750DAL20,67035,DAL,1,2025-03-20,2025-03-20,1742475600.0,1742515200.0,0,39600,8,4,False
100BUR20,67036,BUR,1,2025-03-20,2025-03-20,1742475600.0,1742502900.0,0,27300,6,4,False
201LAS20,67037,LAS,1,2025-03-20,2025-03-20,1742490000.0,1742519400.0,0,29400,10,2,False
490SCF20,67038,SCF,1,2025-03-20,2025-03-20,1742489100.0,1742522100.0,0,33000,9,4,False
904BUR20,67039,BUR,1,2025-03-20,2025-03-20,1742478300.0,1742513700.0,0,35400,6,4,False
300LAS20,67040,LAS,1,2025-03-20,2025-03-20,1742479200.0,1742509800.0,0,30600,7,4,False
400SCF20,67041,SCF,1,2025-03-20,2025-03-20,1742477400.0,1742509500.0,0,32100,6,4,False
302LAS20,67042,LAS,1,2025-03-20,2025-03-20,1742490900.0,1742520600.0,0,29700,10,4,False
290DAL20,67043,DAL,1,2025-03-20,2025-03-20,1742486400.0,1742519700.0,0,33300,11,4,False
900DAL20,67044,DAL,1,2025-03-20,2025-03-20,1742468400.0,1742508000.0,0,39600,6,4,False
141BUR20,67045,BUR,1,2025-03-20,2025-03-20,1742496600.0,1742529000.0,0,32400,11,4,False
470SCF20,67046,SCF,2,2025-03-20,2025-03-21,1742478600.0,1742607600.0,1,37800,6,4,False
175OAK20,67047,OAK,1,2025-03-20,2025-03-20,1742487300.0,1742516700.0,0,29400,9,4,False
404SCF20,67048,SCF,1,2025-03-20,2025-03-20,1742493600.0,1742526900.0,0,33300,11,4,False
320LAS20,67049,LAS,1,2025-03-20,2025-03-20,1742488200.0,1742517600.0,0,29400,9,4,False
490SCF21,67050,SCF,1,2025-03-21,2025-03-21,1742575500.0,1742608500.0,0,33000,9,4,False
206DAL21,67051,DAL,2,2025-03-21,2025-03-22,1742574900.0,1742700900.0,1,32100,11,3,False
470SCF21,67052,SCF,1,2025-03-21,2025-03-21,1742565000.0,1742603100.0,0,38100,6,4,False
900DAL21,67053,DAL,1,2025-03-21,2025-03-21,1742554800.0,1742594400.0,0,39600,6,4,False
460OAK21,67054,OAK,1,2025-03-21,2025-03-21,1742570400.0,1742605800.0,0,35400,8,4,False
904BUR21,67055,BUR,1,2025-03-21,2025-03-21,1742564700.0,1742588700.0,0,24000,6,2,False
320LAS21,67056,LAS,1,2025-03-21,2025-03-21,1742574600.0,1742602800.0,0,28200,9,4,False
620LAS21,67057,LAS,1,2025-03-21,2025-03-21,1742571900.0,1742607600.0,0,35700,8,4,False
476SCF21,67058,SCF,1,2025-03-21,2025-03-21,1742568300.0,1742596800.0,0,28500,7,4,False
141BUR21,67059,BUR,1,2025-03-21,2025-03-21,1742583000.0,1742615400.0,0,32400,11,4,False
280DAL21,67060,DAL,2,2025-03-21,2025-03-22,1742555700.0,1742691000.0,1,34200,6,3,False
404SCF21,67061,SCF,1,2025-03-21,2025-03-21,1742580000.0,1742613300.0,0,33300,11,4,False
720SNA21,67062,SNA,1,2025-03-21,2025-03-21,1742572800.0,1742604900.0,0,32100,9,4,False
101LAS21,67063,LAS,1,2025-03-21,2025-03-21,1742562000.0,1742590500.0,0,28500,6,4,False
775BUR21,67064,BUR,1,2025-03-21,2025-03-21,1742570100.0,1742604000.0,0,33900,8,4,False
750DAL21,67065,DAL,1,2025-03-21,2025-03-21,1742562000.0,1742601600.0,0,39600,8,4,False
408SCF21,67066,SCF,1,2025-03-21,2025-03-21,1742601000.0,1742616600.0,0,15600,16,2,False
654LAS21,67067,LAS,1,2025-03-21,2025-03-21,1742570400.0,1742603700.0,0,33300,8,4,False
300LAS21,67068,LAS,1,2025-03-21,2025-03-21,1742565600.0,1742596200.0,0,30600,7,4,False
302LAS21,67069,LAS,1,2025-03-21,2025-03-21,1742577300.0,1742606100.0,0,28800,10,4,False
400SCF21,67070,SCF,1,2025-03-21,2025-03-21,1742563800.0,1742595900.0,0,32100,6,4,False
170BUR21,67071,BUR,1,2025-03-21,2025-03-21,1742562900.0,1742593200.0,0,30300,6,4,False
286DAL21,67072,DAL,1,2025-03-21,2025-03-21,1742591400.0,1742606700.0,0,15300,16,2,False
109LAS21,67073,LAS,1,2025-03-21,2025-03-21,1742593200.0,1742620500.0,0,27300,14,4,False
201LAS21,67074,LAS,1,2025-03-21,2025-03-21,1742576400.0,1742605800.0,0,29400,10,2,False
100BUR21,67075,BUR,1,2025-03-21,2025-03-21,1742562000.0,1742589300.0,0,27300,6,4,False
108BUR21,67076,BUR,1,2025-03-21,2025-03-21,1742590500.0,1742618700.0,0,28200,13,4,False
310LAS21,67077,LAS,1,2025-03-21,2025-03-21,1742588100.0,1742617800.0,0,29700,13,4,False
175OAK21,67078,OAK,1,2025-03-21,2025-03-21,1742573700.0,1742603100.0,0,29400,9,4,False
300LAS22,67079,LAS,1,2025-03-22,2025-03-22,1742652000.0,1742688000.0,0,36000,7,4,False
280DAL22,67080,DAL,2,2025-03-22,2025-03-23,1742645700.0,1742786400.0,1,32100,7,3,False
114BUR22,67081,BUR,1,2025-03-22,2025-03-22,1742662800.0,1742694000.0,0,31200,10,4,False
100BUR22,67082,BUR,1,2025-03-22,2025-03-22,1742648400.0,1742675700.0,0,27300,6,4,False
490SCF22,67083,SCF,1,2025-03-22,2025-03-22,1742661900.0,1742696700.0,0,34800,9,4,False
1096DAL22,67084,DAL,1,2025-03-22,2025-03-22,1742666700.0,1742696700.0,0,30000,13,2,False
722SNA22,67085,SNA,1,2025-03-22,2025-03-22,1742665800.0,1742697900.0,0,32100,10,4,False
400SCF22,67086,SCF,2,2025-03-22,2025-03-23,1742650200.0,1742789400.0,1,34800,6,4,False
476SCF22,67087,SCF,1,2025-03-22,2025-03-22,1742672700.0,1742688300.0,0,15600,12,2,False
308LAS22,67088,LAS,1,2025-03-22,2025-03-22,1742667600.0,1742695200.0,0,27600,11,4,False
302LAS22,67089,LAS,1,2025-03-22,2025-03-22,1742663700.0,1742693400.0,0,29700,10,4,False
496DAL22,67090,DAL,1,2025-03-22,2025-03-22,1742646600.0,1742673300.0,0,26700,7,2,False
1094DAL22,67091,DAL,1,2025-03-22,2025-03-22,1742652600.0,1742682600.0,0,30000,9,2,False
106BUR22,67092,BUR,1,2025-03-22,2025-03-22,1742665500.0,1742692200.0,0,26700,10,4,False
504DAL22,67093,DAL,1,2025-03-22,2025-03-22,1742647500.0,1742669700.0,0,22200,7,2,False
470SCF22,67094,SCF,1,2025-03-22,2025-03-22,1742651400.0,1742689500.0,0,38100,6,4,False
171OAK22,67095,OAK,2,2025-03-22,2025-03-23,1742652900.0,1742784600.0,1,35100,7,5,False
174BUR22,67096,BUR,2,2025-03-22,2025-03-23,1742673600.0,1742790900.0,1,25800,13,3,False
760BUR22,67097,BUR,1,2025-03-22,2025-03-22,1742671200.0,1742705100.0,0,33900,12,4,False
202DAL22,67098,DAL,2,2025-03-22,2025-03-23,1742656200.0,1742774400.0,1,27900,10,3,False
520DAL22,67099,DAL,1,2025-03-22,2025-03-22,1742670300.0,1742691900.0,0,21600,14,2,False
286DAL23,67100,DAL,1,2025-03-23,2025-03-23,1742768100.0,1742783400.0,0,15300,17,2,False
750DAL23,67101,DAL,2,2025-03-23,2025-03-24,1742734800.0,1742859000.0,1,34800,8,3,False
490SCF23,67102,SCF,1,2025-03-23,2025-03-23,1742748300.0,1742781300.0,0,33000,9,4,False
100BUR23,67103,BUR,1,2025-03-23,2025-03-23,1742734800.0,1742762100.0,0,27300,6,4,False
109LAS23,67104,LAS,1,2025-03-23,2025-03-23,1742766000.0,1742793300.0,0,27300,14,4,False
620LAS23,67105,LAS,1,2025-03-23,2025-03-23,1742744700.0,1742780400.0,0,35700,8,4,False
720SNA23,67106,SNA,1,2025-03-23,2025-03-23,1742745600.0,1742777700.0,0,32100,9,4,False
1094DAL23,67107,DAL,1,2025-03-23,2025-03-23,1742733600.0,1742763600.0,0,30000,7,2,False
300LAS23,67108,LAS,1,2025-03-23,2025-03-23,1742738400.0,1742769000.0,0,30600,7,4,False
104BUR23,67109,BUR,1,2025-03-23,2025-03-23,1742749500.0,1742778600.0,0,29100,10,4,False
520DAL23,67110,DAL,1,2025-03-23,2025-03-23,1742735700.0,1742757300.0,0,21600,8,2,False
904BUR23,67111,BUR,1,2025-03-23,2025-03-23,1742744700.0,1742780400.0,0,35700,8,4,False
504DAL23,67112,DAL,1,2025-03-23,2025-03-23,1742760900.0,1742783100.0,0,22200,15,2,False
654LAS23,67113,LAS,1,2025-03-23,2025-03-23,1742743200.0,1742777100.0,0,33900,8,4,False
302LAS23,67114,LAS,1,2025-03-23,2025-03-23,1742750100.0,1742778300.0,0,28200,10,4,False
900DAL23,67115,DAL,1,2025-03-23,2025-03-23,1742741400.0,1742781000.0,0,39600,9,4,False
101LAS23,67116,LAS,1,2025-03-23,2025-03-23,1742734800.0,1742763300.0,0,28500,6,4,False
320LAS23,67118,LAS,1,2025-03-23,2025-03-23,1742747400.0,1742779800.0,0,32400,9,4,False
280DAL23,67119,DAL,1,2025-03-23,2025-03-23,1742732100.0,1742747400.0,0,15300,7,2,False
476SCF23,67120,SCF,1,2025-03-23,2025-03-23,1742741100.0,1742769600.0,0,28500,7,4,False
775BUR23,67121,BUR,1,2025-03-23,2025-03-23,1742742900.0,1742773200.0,0,30300,8,4,False
460OAK23,67122,OAK,1,2025-03-23,2025-03-23,1742743200.0,1742778600.0,0,35400,8,4,False
470SCF23,67123,SCF,2,2025-03-23,2025-03-24,1742737800.0,1742875800.0,1,34800,6,4,False
206DAL23,67124,DAL,1,2025-03-23,2025-03-23,1742747700.0,1742777400.0,0,29700,11,2,False
760BUR23,67125,BUR,1,2025-03-23,2025-03-23,1742757600.0,1742791500.0,0,33900,12,4,False
404SCF23,67126,SCF,1,2025-03-23,2025-03-23,1742752800.0,1742786100.0,0,33300,11,4,False
171OAK23,67127,OAK,1,2025-03-23,2025-03-23,1742738400.0,1742768100.0,0,29700,7,4,False
201LAS23,67128,LAS,1,2025-03-23,2025-03-23,1742749200.0,1742778600.0,0,29400,10,2,False
400SCF23,67129,SCF,1,2025-03-23,2025-03-23,1742736600.0,1742768700.0,0,32100,6,4,False
119LAS23,67130,LAS,1,2025-03-23,2025-03-23,1742748300.0,1742776800.0,0,28500,9,4,False
170BUR24,67131,BUR,1,2025-03-24,2025-03-24,1742822100.0,1742852400.0,0,30300,6,4,False
460OAK24,67132,OAK,1,2025-03-24,2025-03-24,1742829600.0,1742865000.0,0,35400,8,4,False
300LAS24,67133,LAS,1,2025-03-24,2025-03-24,1742824800.0,1742855400.0,0,30600,7,4,False
175OAK24,67134,OAK,1,2025-03-24,2025-03-24,1742832900.0,1742862300.0,0,29400,9,4,False
109LAS24,67135,LAS,1,2025-03-24,2025-03-24,1742852400.0,1742879700.0,0,27300,14,4,False
404SCF24,67136,SCF,1,2025-03-24,2025-03-24,1742839200.0,1742872500.0,0,33300,11,4,False
290DAL24,67137,DAL,1,2025-03-24,2025-03-24,1742832000.0,1742865300.0,0,33300,11,4,False
620LAS24,67138,LAS,1,2025-03-24,2025-03-24,1742831100.0,1742866800.0,0,35700,8,4,False
400SCF24,67139,SCF,1,2025-03-24,2025-03-24,1742823000.0,1742855100.0,0,32100,6,4,False
650LAS24,67140,LAS,1,2025-03-24,2025-03-24,1742844600.0,1742862900.0,0,18300,12,2,False
280DAL24,67141,DAL,2,2025-03-24,2025-03-25,1742814900.0,1742959200.0,1,30300,6,3,False
775BUR24,67142,BUR,1,2025-03-24,2025-03-24,1742829300.0,1742864700.0,0,35400,8,4,False
120BUR24,67143,BUR,1,2025-03-24,2025-03-24,1742847000.0,1742863200.0,0,16200,13,2,False
302LAS24,67144,LAS,1,2025-03-24,2025-03-24,1742836500.0,1742866200.0,0,29700,10,4,False
201LAS24,67145,LAS,1,2025-03-24,2025-03-24,1742835600.0,1742865000.0,0,29400,10,2,False
490SCF24,67146,SCF,1,2025-03-24,2025-03-24,1742834700.0,1742867700.0,0,33000,9,4,False
100BUR24,67147,BUR,1,2025-03-24,2025-03-24,1742821200.0,1742848500.0,0,27300,6,4,False
900DAL24,67148,DAL,1,2025-03-24,2025-03-24,1742827800.0,1742867400.0,0,39600,9,4,False
476SCF24,67149,SCF,1,2025-03-24,2025-03-24,1742827500.0,1742856000.0,0,28500,7,4,False
470SCF24,67150,SCF,2,2025-03-24,2025-03-25,1742824200.0,1742941500.0,1,35400,6,4,False
102BUR24,67151,BUR,2,2025-03-24,2025-03-25,1742827200.0,1742964300.0,1,34800,7,5,False
101LAS24,67152,LAS,2,2025-03-24,2025-03-25,1742821200.0,1742942100.0,1,33600,6,5,False
720SNA24,67153,SNA,1,2025-03-24,2025-03-24,1742832000.0,1742864100.0,0,32100,9,4,False
750DAL24,67154,DAL,1,2025-03-24,2025-03-24,1742821200.0,1742860800.0,0,39600,8,4,False
320LAS24,67155,LAS,1,2025-03-24,2025-03-24,1742833800.0,1742863200.0,0,29400,9,4,False
141BUR24,67156,BUR,1,2025-03-24,2025-03-24,1742842200.0,1742874600.0,0,32400,11,4,False
290DAL25,67157,DAL,1,2025-03-25,2025-03-25,1742918400.0,1742951700.0,0,33300,11,4,False
175OAK25,67158,OAK,1,2025-03-25,2025-03-25,1742919300.0,1742948700.0,0,29400,9,4,False
624LAS25,67159,LAS,1,2025-03-25,2025-03-25,1742927400.0,1742955600.0,0,28200,11,4,False
750DAL25,67160,DAL,1,2025-03-25,2025-03-25,1742920200.0,1742947200.0,0,27000,11,2,False
101LAS25,67161,LAS,1,2025-03-25,2025-03-25,1742907600.0,1742938800.0,0,31200,6,4,False
472SCF25,67162,SCF,1,2025-03-25,2025-03-25,1742917800.0,1742953500.0,0,35700,8,4,False
280DAL25,67163,DAL,2,2025-03-25,2025-03-26,1742901300.0,1743045600.0,1,30300,6,3,False
400SCF25,67164,SCF,2,2025-03-25,2025-03-26,1742909400.0,1743027900.0,1,29700,6,3,False
490SCF25,67165,SCF,1,2025-03-25,2025-03-25,1742921100.0,1742955900.0,0,34800,9,4,False
176BUR25,67166,BUR,1,2025-03-25,2025-03-25,1742943900.0,1742961000.0,0,17100,16,2,False
760BUR25,67167,BUR,1,2025-03-25,2025-03-25,1742930400.0,1742951100.0,0,20700,12,2,False
109LAS25,67168,LAS,1,2025-03-25,2025-03-25,1742935800.0,1742963400.0,0,27600,13,4,False
750DAL26,67169,DAL,1,2025-03-26,2025-03-26,1743006600.0,1743033600.0,0,27000,11,2,False
400SCF26,67170,SCF,2,2025-03-26,2025-03-27,1742995800.0,1743135000.0,1,34800,6,4,False
176BUR26,67171,BUR,1,2025-03-26,2025-03-26,1743030300.0,1743047400.0,0,17100,16,2,False
101LAS26,67172,LAS,1,2025-03-26,2025-03-26,1742994000.0,1743025200.0,0,31200,6,4,False
175OAK26,67173,OAK,1,2025-03-26,2025-03-26,1743005700.0,1743035100.0,0,29400,9,4,False
290DAL26,67174,DAL,1,2025-03-26,2025-03-26,1743004800.0,1743038100.0,0,33300,11,4,False
170BUR26,67175,BUR,1,2025-03-26,2025-03-26,1742994900.0,1743022500.0,0,27600,6,4,False
472SCF26,67176,SCF,1,2025-03-26,2025-03-26,1743004200.0,1743039900.0,0,35700,8,4,False
280DAL26,67177,DAL,2,2025-03-26,2025-03-27,1742987700.0,1743132000.0,1,30300,6,3,False
624LAS26,67178,LAS,1,2025-03-26,2025-03-26,1743013800.0,1743042000.0,0,28200,11,4,False
109LAS26,67179,LAS,1,2025-03-26,2025-03-26,1743022200.0,1743049800.0,0,27600,13,4,False
760BUR26,67180,BUR,1,2025-03-26,2025-03-26,1743016800.0,1743037500.0,0,20700,12,2,False
490SCF26,67181,SCF,1,2025-03-26,2025-03-26,1743007500.0,1743042300.0,0,34800,9,4,False
108BUR26,67182,BUR,1,2025-03-26,2025-03-26,1743018900.0,1743050700.0,0,31800,12,4,False
470SCF27,67183,SCF,2,2025-03-27,2025-03-28,1743083400.0,1743212400.0,1,23100,6,3,False
101LAS27,67184,LAS,1,2025-03-27,2025-03-27,1743080400.0,1743108900.0,0,28500,6,4,False
302LAS27,67185,LAS,1,2025-03-27,2025-03-27,1743095700.0,1743125400.0,0,29700,10,4,False
300LAS27,67186,LAS,1,2025-03-27,2025-03-27,1743084000.0,1743114600.0,0,30600,7,4,False
460OAK27,67187,OAK,1,2025-03-27,2025-03-27,1743088800.0,1743124200.0,0,35400,8,4,False
900DAL27,67188,DAL,1,2025-03-27,2025-03-27,1743073200.0,1743112800.0,0,39600,6,4,False
141BUR27,67189,BUR,1,2025-03-27,2025-03-27,1743101400.0,1743133800.0,0,32400,11,4,False
201LAS27,67190,LAS,1,2025-03-27,2025-03-27,1743094800.0,1743124200.0,0,29400,10,2,False
490SCF27,67191,SCF,1,2025-03-27,2025-03-27,1743093900.0,1743126900.0,0,33000,9,4,False
100BUR27,67192,BUR,1,2025-03-27,2025-03-27,1743080400.0,1743107700.0,0,27300,6,4,False
904BUR27,67193,BUR,1,2025-03-27,2025-03-27,1743083100.0,1743118500.0,0,35400,6,4,False
280DAL27,67194,DAL,2,2025-03-27,2025-03-28,1743074100.0,1743205800.0,1,37500,6,4,False
400SCF27,67195,SCF,1,2025-03-27,2025-03-27,1743082200.0,1743114300.0,0,32100,6,4,False
775BUR27,67196,BUR,1,2025-03-27,2025-03-27,1743088500.0,1743123900.0,0,35400,8,4,False
120BUR27,67197,BUR,1,2025-03-27,2025-03-27,1743106200.0,1743122400.0,0,16200,13,2,False
476SCF27,67198,SCF,1,2025-03-27,2025-03-27,1743086700.0,1743115200.0,0,28500,7,4,False
750DAL27,67199,DAL,1,2025-03-27,2025-03-27,1743080400.0,1743120000.0,0,39600,8,4,False
720SNA27,67200,SNA,1,2025-03-27,2025-03-27,1743091200.0,1743123300.0,0,32100,9,4,False
320LAS27,67201,LAS,1,2025-03-27,2025-03-27,1743093000.0,1743122400.0,0,29400,9,4,False
620LAS27,67202,LAS,1,2025-03-27,2025-03-27,1743091200.0,1743127800.0,0,36600,9,4,False
170BUR27,67203,BUR,2,2025-03-27,2025-03-28,1743081300.0,1743210300.0,1,30000,6,3,False
175OAK27,67204,OAK,1,2025-03-27,2025-03-27,1743092100.0,1743121500.0,0,29400,9,4,False
654LAS27,67205,LAS,1,2025-03-27,2025-03-27,1743088800.0,1743122100.0,0,33300,8,4,False
322LAS27,67206,LAS,1,2025-03-27,2025-03-27,1743105600.0,1743121200.0,0,15600,13,2,False
109LAS27,67207,LAS,1,2025-03-27,2025-03-27,1743111600.0,1743138900.0,0,27300,14,4,False
108BUR27,67208,BUR,1,2025-03-27,2025-03-27,1743108900.0,1743137100.0,0,28200,13,4,False
404SCF27,67209,SCF,1,2025-03-27,2025-03-27,1743098400.0,1743131700.0,0,33300,11,4,False
290DAL27,67210,DAL,1,2025-03-27,2025-03-27,1743091200.0,1743124500.0,0,33300,11,4,False
750DAL28,67211,DAL,1,2025-03-28,2025-03-28,1743166800.0,1743206400.0,0,39600,8,4,False
900DAL28,67212,DAL,1,2025-03-28,2025-03-28,1743159600.0,1743199200.0,0,39600,6,4,False
775BUR28,67213,BUR,1,2025-03-28,2025-03-28,1743174900.0,1743208800.0,0,33900,8,4,False
904BUR28,67214,BUR,1,2025-03-28,2025-03-28,1743169500.0,1743193500.0,0,24000,6,2,False
175OAK28,67215,OAK,1,2025-03-28,2025-03-28,1743178500.0,1743207900.0,0,29400,9,4,False
490SCF28,67216,SCF,1,2025-03-28,2025-03-28,1743180300.0,1743213300.0,0,33000,9,4,False
310LAS28,67217,LAS,1,2025-03-28,2025-03-28,1743192900.0,1743222600.0,0,29700,13,4,False
170BUR28,67218,BUR,1,2025-03-28,2025-03-28,1743167700.0,1743198000.0,0,30300,6,4,False
302LAS28,67219,LAS,1,2025-03-28,2025-03-28,1743182100.0,1743210900.0,0,28800,10,4,False
141BUR28,67220,BUR,1,2025-03-28,2025-03-28,1743187800.0,1743220200.0,0,32400,11,4,False
201LAS28,67221,LAS,1,2025-03-28,2025-03-28,1743181200.0,1743210600.0,0,29400,10,2,False
476SCF28,67222,SCF,1,2025-03-28,2025-03-28,1743173100.0,1743201600.0,0,28500,7,4,False
300LAS28,67223,LAS,1,2025-03-28,2025-03-28,1743170400.0,1743201000.0,0,30600,7,4,False
286DAL28,67224,DAL,1,2025-03-28,2025-03-28,1743196200.0,1743211500.0,0,15300,16,2,False
280DAL28,67225,DAL,2,2025-03-28,2025-03-29,1743160500.0,1743295800.0,1,34200,6,3,False
460OAK28,67226,OAK,1,2025-03-28,2025-03-28,1743175200.0,1743210600.0,0,35400,8,4,False
206DAL28,67227,DAL,2,2025-03-28,2025-03-29,1743179700.0,1743305700.0,1,32100,11,3,False
470SCF28,67228,SCF,1,2025-03-28,2025-03-28,1743169800.0,1743207900.0,0,38100,6,4,False
408SCF28,67229,SCF,1,2025-03-28,2025-03-28,1743205800.0,1743221400.0,0,15600,16,2,False
320LAS28,67230,LAS,1,2025-03-28,2025-03-28,1743179400.0,1743207600.0,0,28200,9,4,False
620LAS28,67231,LAS,1,2025-03-28,2025-03-28,1743176700.0,1743212400.0,0,35700,8,4,False
404SCF28,67232,SCF,1,2025-03-28,2025-03-28,1743184800.0,1743218100.0,0,33300,11,4,False
109LAS28,67233,LAS,1,2025-03-28,2025-03-28,1743198000.0,1743225300.0,0,27300,14,4,False
101LAS28,67234,LAS,1,2025-03-28,2025-03-28,1743166800.0,1743195300.0,0,28500,6,4,False
400SCF28,67235,SCF,1,2025-03-28,2025-03-28,1743168600.0,1743200700.0,0,32100,6,4,False
720SNA28,67236,SNA,1,2025-03-28,2025-03-28,1743177600.0,1743209700.0,0,32100,9,4,False
100BUR28,67237,BUR,1,2025-03-28,2025-03-28,1743166800.0,1743194100.0,0,27300,6,4,False
108BUR28,67238,BUR,1,2025-03-28,2025-03-28,1743195300.0,1743223500.0,0,28200,13,4,False
654LAS28,67239,LAS,1,2025-03-28,2025-03-28,1743175200.0,1743208500.0,0,33300,8,4,False
302LAS29,67240,LAS,1,2025-03-29,2025-03-29,1743268500.0,1743298200.0,0,29700,10,4,False
400SCF29,67241,SCF,1,2025-03-29,2025-03-29,1743255000.0,1743287400.0,0,32400,6,4,False
308LAS29,67242,LAS,1,2025-03-29,2025-03-29,1743272400.0,1743300000.0,0,27600,11,4,False
722SNA29,67243,SNA,1,2025-03-29,2025-03-29,1743270600.0,1743302700.0,0,32100,10,4,False
114BUR29,67244,BUR,1,2025-03-29,2025-03-29,1743267600.0,1743298800.0,0,31200,10,4,False
106BUR29,67245,BUR,1,2025-03-29,2025-03-29,1743270300.0,1743297000.0,0,26700,10,4,False
1096DAL29,67246,DAL,1,2025-03-29,2025-03-29,1743257700.0,1743287700.0,0,30000,9,2,False
100BUR29,67247,BUR,1,2025-03-29,2025-03-29,1743253200.0,1743280500.0,0,27300,6,4,False
300LAS29,67248,LAS,1,2025-03-29,2025-03-29,1743256800.0,1743272700.0,0,15900,7,2,False
280DAL29,67249,DAL,2,2025-03-29,2025-03-30,1743250500.0,1743382200.0,1,32100,7,3,False
202DAL29,67250,DAL,2,2025-03-29,2025-03-30,1743261000.0,1743391200.0,1,30600,10,3,False
174BUR29,67251,BUR,2,2025-03-29,2025-03-30,1743278400.0,1743395700.0,1,25800,13,3,False
171OAK29,67252,OAK,2,2025-03-29,2025-03-30,1743257700.0,1743389400.0,1,35100,7,5,False
470SCF29,67253,SCF,1,2025-03-29,2025-03-29,1743256200.0,1743294300.0,0,38100,6,4,False
476SCF29,67254,SCF,1,2025-03-29,2025-03-29,1743277500.0,1743293100.0,0,15600,12,2,False
490SCF29,67255,SCF,1,2025-03-29,2025-03-29,1743266700.0,1743301500.0,0,34800,9,4,False
760BUR29,67256,BUR,1,2025-03-29,2025-03-29,1743276000.0,1743309900.0,0,33900,12,4,False
280DAL30,67257,DAL,2,2025-03-30,2025-03-31,1743336900.0,1743465600.0,1,36000,7,3,False
470SCF30,67258,SCF,1,2025-03-30,2025-03-30,1743342600.0,1743380700.0,0,38100,6,4,False
460OAK30,67259,OAK,1,2025-03-30,2025-03-30,1743348000.0,1743383400.0,0,35400,8,4,False
416SCF30,67260,SCF,2,2025-03-30,2025-03-31,1743356100.0,1743480600.0,1,34800,10,4,False
128LAS30,67261,LAS,1,2025-03-30,2025-03-30,1743367800.0,1743395400.0,0,27600,13,4,False
286DAL30,67262,DAL,1,2025-03-30,2025-03-30,1743372900.0,1743388200.0,0,15300,17,2,False
904BUR30,67263,BUR,1,2025-03-30,2025-03-30,1743349500.0,1743385200.0,0,35700,8,4,False
620LAS30,67264,LAS,1,2025-03-30,2025-03-30,1743349500.0,1743385200.0,0,35700,8,4,False
171OAK30,67265,OAK,1,2025-03-30,2025-03-30,1743343200.0,1743372900.0,0,29700,7,4,False
490SCF30,67266,SCF,1,2025-03-30,2025-03-30,1743353100.0,1743386100.0,0,33000,9,4,False
109LAS30,67267,LAS,1,2025-03-30,2025-03-30,1743370800.0,1743398100.0,0,27300,14,4,False
104BUR30,67268,BUR,1,2025-03-30,2025-03-30,1743354300.0,1743383400.0,0,29100,10,4,False
476SCF30,67269,SCF,1,2025-03-30,2025-03-30,1743345900.0,1743374400.0,0,28500,7,4,False
201LAS30,67270,LAS,1,2025-03-30,2025-03-30,1743354000.0,1743383400.0,0,29400,10,2,False
760BUR30,67271,BUR,1,2025-03-30,2025-03-30,1743362400.0,1743396300.0,0,33900,12,4,False
119LAS30,67272,LAS,1,2025-03-30,2025-03-30,1743353100.0,1743381600.0,0,28500,9,4,False
900DAL30,67273,DAL,1,2025-03-30,2025-03-30,1743346200.0,1743385800.0,0,39600,9,4,False
720SNA30,67274,SNA,1,2025-03-30,2025-03-30,1743350400.0,1743382500.0,0,32100,9,4,False
300LAS30,67275,LAS,1,2025-03-30,2025-03-30,1743343200.0,1743373800.0,0,30600,7,4,False
404SCF30,67276,SCF,1,2025-03-30,2025-03-30,1743357600.0,1743390900.0,0,33300,11,4,False
100BUR30,67277,BUR,1,2025-03-30,2025-03-30,1743339600.0,1743366900.0,0,27300,6,4,False
302LAS30,67278,LAS,1,2025-03-30,2025-03-30,1743354900.0,1743384600.0,0,29700,10,4,False
101LAS30,67279,LAS,1,2025-03-30,2025-03-30,1743339600.0,1743368100.0,0,28500,6,4,False
750DAL30,67280,DAL,1,2025-03-30,2025-03-30,1743339600.0,1743379200.0,0,39600,8,4,False
400SCF30,67281,SCF,1,2025-03-30,2025-03-30,1743341400.0,1743373500.0,0,32100,6,4,False
408SCF30,67282,SCF,1,2025-03-30,2025-03-30,1743378600.0,1743394200.0,0,15600,16,2,False
654LAS30,67283,LAS,1,2025-03-30,2025-03-30,1743348000.0,1743381900.0,0,33900,8,4,False
775BUR30,67284,BUR,1,2025-03-30,2025-03-30,1743347700.0,1743378000.0,0,30300,8,4,False
108BUR31,67285,BUR,1,2025-03-31,2025-03-31,1743454500.0,1743482700.0,0,28200,13,4,False
490SCF31,67286,SCF,1,2025-03-31,2025-03-31,1743439500.0,1743472500.0,0,33000,9,4,False
170BUR31,67287,BUR,1,2025-03-31,2025-03-31,1743426900.0,1743457200.0,0,30300,6,4,False
620LAS31,67288,LAS,1,2025-03-31,2025-03-31,1743435900.0,1743471600.0,0,35700,8,4,False
141BUR31,67289,BUR,1,2025-03-31,2025-03-31,1743447000.0,1743479400.0,0,32400,11,4,False
650LAS31,67290,LAS,1,2025-03-31,2025-03-31,1743449400.0,1743467700.0,0,18300,12,2,False
900DAL31,67291,DAL,1,2025-03-31,2025-03-31,1743432600.0,1743472200.0,0,39600,9,4,False
100BUR31,67292,BUR,1,2025-03-31,2025-03-31,1743426000.0,1743453300.0,0,27300,6,4,False
302LAS31,67293,LAS,1,2025-03-31,2025-03-31,1743441300.0,1743471000.0,0,29700,10,4,False
720SNA31,67294,SNA,1,2025-03-31,2025-03-31,1743436800.0,1743468900.0,0,32100,9,4,False
320LAS31,67295,LAS,1,2025-03-31,2025-03-31,1743438600.0,1743468000.0,0,29400,9,4,False
400SCF31,67296,SCF,1,2025-03-31,2025-03-31,1743427800.0,1743459900.0,0,32100,6,4,False
775BUR31,67297,BUR,1,2025-03-31,2025-03-31,1743434100.0,1743469500.0,0,35400,8,4,False
404SCF31,67298,SCF,1,2025-03-31,2025-03-31,1743444000.0,1743477300.0,0,33300,11,4,False
290DAL31,67299,DAL,1,2025-03-31,2025-03-31,1743436800.0,1743470100.0,0,33300,11,4,False
201LAS31,67300,LAS,1,2025-03-31,2025-03-31,1743440400.0,1743469800.0,0,29400,10,2,False
476SCF31,67301,SCF,1,2025-03-31,2025-03-31,1743432300.0,1743460800.0,0,28500,7,4,False
175OAK31,67302,OAK,1,2025-03-31,2025-03-31,1743437700.0,1743467100.0,0,29400,9,4,False
460OAK31,67303,OAK,1,2025-03-31,2025-03-31,1743434400.0,1743469800.0,0,35400,8,4,False
109LAS31,67304,LAS,1,2025-03-31,2025-03-31,1743457200.0,1743484500.0,0,27300,14,4,False
1070BUR02,67305,BUR,2,2025-03-02,2025-03-03,1740927600.0,1741060200.0,1,36900,7,2,False
1078BUR06,67306,BUR,2,2025-03-06,2025-03-07,1741272600.0,1741405200.0,1,36900,6,2,False
323BUR09,67307,BUR,2,2025-03-09,2025-03-10,1741551000.0,1741655400.0,1,30000,13,3,False
1062BUR09,67308,BUR,2,2025-03-09,2025-03-10,1741529400.0,1741662000.0,1,36900,7,2,False
1070BUR13,67309,BUR,2,2025-03-13,2025-03-14,1741874400.0,1742007000.0,1,36900,7,2,False
1078BUR16,67310,BUR,2,2025-03-16,2025-03-17,1742133000.0,1742265600.0,1,36900,6,2,False
1062BUR20,67311,BUR,2,2025-03-20,2025-03-21,1742479800.0,1742612400.0,1,36900,7,2,False
323BUR23,67312,BUR,2,2025-03-23,2025-03-24,1742760600.0,1742877900.0,1,30000,13,3,False
1070BUR23,67313,BUR,2,2025-03-23,2025-03-24,1742738400.0,1742871000.0,1,36900,7,2,False
1078BUR27,67314,BUR,2,2025-03-27,2025-03-28,1743083400.0,1743216000.0,1,36900,6,2,False
1062BUR30,67315,BUR,2,2025-03-30,2025-03-31,1743343800.0,1743476400.0,1,36900,7,2,False
1076DAL06,67316,DAL,2,2025-03-06,2025-03-07,1741282200.0,1741395600.0,1,36900,11,2,False
1060DAL09,67317,DAL,2,2025-03-09,2025-03-10,1741539000.0,1741663200.0,1,36900,11,4,False
1068DAL13,67318,DAL,2,2025-03-13,2025-03-14,1741884000.0,1741980600.0,1,31500,11,2,False
1076DAL16,67319,DAL,2,2025-03-16,2025-03-17,1742142600.0,1742268000.0,1,36900,11,2,False
1060DAL20,67320,DAL,2,2025-03-20,2025-03-21,1742489400.0,1742604600.0,1,36900,11,2,False
1068DAL23,67321,DAL,2,2025-03-23,2025-03-24,1742748000.0,1742872800.0,1,36900,11,2,False
1076DAL27,67322,DAL,2,2025-03-27,2025-03-28,1743093000.0,1743209400.0,1,36900,11,2,False
1060DAL30,67323,DAL,2,2025-03-30,2025-03-31,1743353400.0,1743477600.0,1,36900,11,2,False
1098BUR29,67324,BUR,1,2025-03-29,2025-03-29,1743270000.0,1743306600.0,0,36600,10,2,False
DH,67325,DAL,2,2025-03-01,2025-03-02,1740844800.0,1740963600.0,1,27900,9,3,False
DH DAL 16,67326,DAL,2,2025-03-16,2025-03-17,1742148000.0,1742255400.0,1,30900,13,2,False
301SNA31,67327,SNA,1,2025-03-31,2025-03-31,1743435600.0,1743468000.0,0,32400,8,4,False
750DAL31,67328,DAL,1,2025-03-31,2025-03-31,1743426000.0,1743447900.0,0,21900,8,2,False
101LAS31,67329,LAS,1,2025-03-31,2025-03-31,1743426000.0,1743459600.0,0,33600,6,3,False
102BUR31,67330,BUR,1,2025-03-31,2025-03-31,1743432000.0,1743466800.0,0,34800,7,5,False
280DAL31,67331,DAL,1,2025-03-31,2025-03-31,1743419700.0,1743450000.0,0,30300,6,3,False
470SCF31,67332,SCF,1,2025-03-31,2025-03-31,1743429000.0,1743464400.0,0,35400,6,4,False
1066BUR31,67333,BUR,1,2025-03-31,2025-03-31,1743429900.0,1743464400.0,0,34500,7,2,False
C9,67334,DAL,1,2025-03-02,2025-03-02,1740921300.0,1740937500.0,0,16200,7,2,True
C10,67335,DAL,1,2025-03-05,2025-03-05,1741180500.0,1741203900.0,0,23400,7,2,True
C11,67336,DAL,1,2025-03-07,2025-03-07,1741355100.0,1741371300.0,0,16200,7,2,True
C12,67337,DAL,1,2025-03-07,2025-03-07,1741353300.0,1741385700.0,0,32400,7,2,True
C13,67338,DAL,1,2025-03-09,2025-03-09,1741536900.0,1741554900.0,0,18000,11,2,True
C14,67339,DAL,1,2025-03-09,2025-03-09,1741522500.0,1741556700.0,0,34200,7,2,True
C15,67340,DAL,1,2025-03-12,2025-03-12,1741781700.0,1741814100.0,0,32400,7,2,True
C16,67341,DAL,1,2025-03-14,2025-03-14,1741968900.0,1741986900.0,0,18000,11,2,True
C17,67342,DAL,1,2025-03-24,2025-03-24,1742818500.0,1742834700.0,0,16200,7,2,True
C18,67343,DAL,1,2025-03-26,2025-03-26,1743005700.0,1743023700.0,0,18000,11,2,True
XE503,67344,OPF,1,2025-03-02,2025-03-02,1740926400.0,1740956700.0,0,30300,9,2,False
XE503,67345,OPF,1,2025-03-03,2025-03-03,1741012800.0,1741043100.0,0,30300,9,2,False
XE503,67346,OPF,1,2025-03-06,2025-03-06,1741272000.0,1741302300.0,0,30300,9,2,False
XE503,67347,OPF,1,2025-03-07,2025-03-07,1741358400.0,1741388700.0,0,30300,9,2,False
XE503,67348,OPF,1,2025-03-09,2025-03-09,1741527600.0,1741557900.0,0,30300,9,2,False
XE503,67349,OPF,1,2025-03-10,2025-03-10,1741614000.0,1741644300.0,0,30300,9,2,False
XE503,67350,OPF,1,2025-03-13,2025-03-13,1741873200.0,1741903500.0,0,30300,9,2,False
XE503,67351,OPF,1,2025-03-14,2025-03-14,1741959600.0,1741989900.0,0,30300,9,2,False
XE503,67352,OPF,1,2025-03-16,2025-03-16,1742132400.0,1742162700.0,0,30300,9,2,False
XE503,67353,OPF,1,2025-03-17,2025-03-17,1742218800.0,1742249100.0,0,30300,9,2,False
XE503,67354,OPF,1,2025-03-20,2025-03-20,1742478000.0,1742508300.0,0,30300,9,2,False
XE503,67355,OPF,1,2025-03-21,2025-03-21,1742564400.0,1742594700.0,0,30300,9,2,False
XE503,67356,OPF,1,2025-03-23,2025-03-23,1742737200.0,1742767500.0,0,30300,9,2,False
XE503,67357,OPF,1,2025-03-24,2025-03-24,1742823600.0,1742853900.0,0,30300,9,2,False
XE503,67358,OPF,1,2025-03-27,2025-03-27,1743082800.0,1743113100.0,0,30300,9,2,False
XE503,67359,OPF,1,2025-03-28,2025-03-28,1743169200.0,1743199500.0,0,30300,9,2,False
XE503,67360,OPF,1,2025-03-30,2025-03-30,1743342000.0,1743372300.0,0,30300,9,2,False
XE503,67361,OPF,1,2025-03-31,2025-03-31,1743428400.0,1743458700.0,0,30300,9,2,False
XE850,67364,OPF,1,2025-03-04,2025-03-04,1741103100.0,1741134300.0,0,31200,10,2,False
XE850,67365,OPF,1,2025-03-05,2025-03-05,1741189500.0,1741220700.0,0,31200,10,2,False
XE850,67366,OPF,1,2025-03-06,2025-03-06,1741275900.0,1741307100.0,0,31200,10,2,False
XE850,67367,OPF,1,2025-03-07,2025-03-07,1741362300.0,1741393500.0,0,31200,10,2,False
XE850,67368,OPF,1,2025-03-08,2025-03-08,1741448700.0,1741479900.0,0,31200,10,2,False
XE850,67369,OPF,1,2025-03-09,2025-03-09,1741531500.0,1741562700.0,0,31200,10,2,False
XE850,67370,OPF,1,2025-03-10,2025-03-10,1741617900.0,1741649100.0,0,31200,10,2,False
XE850,67371,OPF,1,2025-03-11,2025-03-11,1741704300.0,1741735500.0,0,31200,10,2,False
XE850,67372,OPF,1,2025-03-12,2025-03-12,1741790700.0,1741821900.0,0,31200,10,2,False
XE850,67373,OPF,1,2025-03-13,2025-03-13,1741877100.0,1741908300.0,0,31200,10,2,False
XE850,67374,OPF,1,2025-03-14,2025-03-14,1741963500.0,1741994700.0,0,31200,10,2,False
XE850,67375,OPF,1,2025-03-15,2025-03-15,1742049900.0,1742081100.0,0,31200,10,2,False
XE850,67376,OPF,1,2025-03-16,2025-03-16,1742136300.0,1742167500.0,0,31200,10,2,False
XE850,67377,OPF,1,2025-03-17,2025-03-17,1742222700.0,1742253900.0,0,31200,10,2,False
XE850,67378,OPF,1,2025-03-18,2025-03-18,1742309100.0,1742340300.0,0,31200,10,2,False
XE850,67379,OPF,1,2025-03-19,2025-03-19,1742395500.0,1742426700.0,0,31200,10,2,False
XE850,67380,OPF,1,2025-03-20,2025-03-20,1742481900.0,1742513100.0,0,31200,10,2,False
XE850,67381,OPF,1,2025-03-21,2025-03-21,1742568300.0,1742599500.0,0,31200,10,2,False
XE850,67382,OPF,1,2025-03-22,2025-03-22,1742654700.0,1742685900.0,0,31200,10,2,False
XE850,67383,OPF,1,2025-03-23,2025-03-23,1742741100.0,1742772300.0,0,31200,10,2,False
XE850,67384,OPF,1,2025-03-24,2025-03-24,1742827500.0,1742858700.0,0,31200,10,2,False
XE850,67385,OPF,1,2025-03-25,2025-03-25,1742913900.0,1742945100.0,0,31200,10,2,False
XE850,67386,OPF,1,2025-03-26,2025-03-26,1743000300.0,1743031500.0,0,31200,10,2,False
XE850,67387,OPF,1,2025-03-27,2025-03-27,1743086700.0,1743117900.0,0,31200,10,2,False
XE850,67388,OPF,1,2025-03-28,2025-03-28,1743173100.0,1743204300.0,0,31200,10,2,False
XE850,67389,OPF,1,2025-03-29,2025-03-29,1743259500.0,1743290700.0,0,31200,10,2,False
XE850,67390,OPF,1,2025-03-30,2025-03-30,1743345900.0,1743377100.0,0,31200,10,2,False
XE850,67391,OPF,1,2025-03-31,2025-03-31,1743432300.0,1743463500.0,0,31200,10,2,False
XE512,67393,DAL,1,2025-03-14,2025-03-14,1741972500.0,1742001300.0,0,28800,12,2,False
XE512,67394,DAL,1,2025-03-15,2025-03-15,1742058900.0,1742087700.0,0,28800,12,2,False
XE512,67395,DAL,1,2025-03-22,2025-03-22,1742663700.0,1742692500.0,0,28800,12,2,False
DHSCF14,67396,SCF,1,2025-03-14,2025-03-14,1741982400.0,1742002800.0,0,20400,13,1,False
XE510,67400,DAL,2,2025-03-01,2025-03-02,1740841500.0,1740960300.0,1,35400,9,2,False
XE510,67401,DAL,2,2025-03-02,2025-03-03,1740927900.0,1741046700.0,1,35400,9,2,False
XE510,67402,DAL,2,2025-03-03,2025-03-04,1741014300.0,1741133100.0,1,35400,9,2,False
XE510,67403,DAL,2,2025-03-04,2025-03-05,1741100700.0,1741219500.0,1,35400,9,2,False
XE510,67404,DAL,2,2025-03-05,2025-03-06,1741187100.0,1741305900.0,1,35400,9,2,False
XE510,67405,DAL,2,2025-03-06,2025-03-07,1741273500.0,1741392300.0,1,35400,9,2,False
XE510,67406,DAL,2,2025-03-07,2025-03-08,1741359900.0,1741478700.0,1,35400,9,2,False
XE510,67407,DAL,2,2025-03-08,2025-03-09,1741446300.0,1741561500.0,1,35400,9,2,False
XE510,67408,DAL,2,2025-03-09,2025-03-10,1741529100.0,1741647900.0,1,35400,9,2,False
XE510,67409,DAL,2,2025-03-10,2025-03-11,1741615500.0,1741734300.0,1,35400,9,2,False
XE510,67410,DAL,2,2025-03-11,2025-03-12,1741701900.0,1741820700.0,1,35400,9,2,False
XE510,67411,DAL,2,2025-03-12,2025-03-13,1741788300.0,1741907100.0,1,35400,9,2,False
XE510,67412,DAL,2,2025-03-13,2025-03-14,1741874700.0,1741993500.0,1,35400,9,2,False
XE510,67413,DAL,2,2025-03-14,2025-03-15,1741961100.0,1742079900.0,1,35400,9,2,False
XE510,67414,DAL,2,2025-03-15,2025-03-16,1742047500.0,1742166300.0,1,35400,9,2,False
XE510,67415,DAL,2,2025-03-16,2025-03-17,1742133900.0,1742252700.0,1,35400,9,2,False
XE510,67416,DAL,2,2025-03-17,2025-03-18,1742220300.0,1742339100.0,1,35400,9,2,False
XE510,67417,DAL,2,2025-03-19,2025-03-20,1742393100.0,1742511900.0,1,35400,9,2,False
XE510,67418,DAL,2,2025-03-18,2025-03-19,1742306700.0,1742425500.0,1,35400,9,2,False
XE510,67419,DAL,2,2025-03-20,2025-03-21,1742479500.0,1742598300.0,1,35400,9,2,False
XE510,67420,DAL,2,2025-03-22,2025-03-23,1742652300.0,1742771100.0,1,35400,9,2,False
XE510,67421,DAL,2,2025-03-21,2025-03-22,1742565900.0,1742684700.0,1,35400,9,2,False
XE510,67422,DAL,2,2025-03-23,2025-03-24,1742738700.0,1742857500.0,1,35400,9,2,False
XE510,67423,DAL,2,2025-03-24,2025-03-25,1742825100.0,1742943900.0,1,35400,9,2,False
XE510,67424,DAL,2,2025-03-25,2025-03-26,1742911500.0,1743030300.0,1,35400,9,2,False
XE510,67425,DAL,2,2025-03-26,2025-03-27,1742997900.0,1743116700.0,1,35400,9,2,False
XE510,67426,DAL,2,2025-03-27,2025-03-28,1743084300.0,1743203100.0,1,35400,9,2,False
XE510,67427,DAL,2,2025-03-28,2025-03-29,1743170700.0,1743289500.0,1,35400,9,2,False
XE510,67428,DAL,2,2025-03-29,2025-03-30,1743257100.0,1743375900.0,1,35400,9,2,False
XE510,67429,DAL,2,2025-03-30,2025-03-31,1743343500.0,1743462300.0,1,35400,9,2,False
XE510,67430,DAL,1,2025-03-31,2025-03-31,1743429900.0,1743459300.0,0,29400,9,2,False
C19,67437,SNA,1,2025-03-03,2025-03-03,1741012200.0,1741035000.0,0,22800,6,2,True
C20,67438,SNA,1,2025-03-07,2025-03-07,1741370400.0,1741395000.0,0,24600,10,2,True
C21,67439,SNA,1,2025-03-10,2025-03-10,1741613400.0,1741636200.0,0,22800,6,2,True
C22,67440,SNA,1,2025-03-14,2025-03-14,1741971600.0,1741996200.0,0,24600,10,2,True
C23,67441,SNA,1,2025-03-17,2025-03-17,1742218200.0,1742241000.0,0,22800,6,2,True
C24,67442,SNA,1,2025-03-21,2025-03-21,1742576400.0,1742601000.0,0,24600,10,2,True
C25,67443,SNA,1,2025-03-24,2025-03-24,1742823000.0,1742845800.0,0,22800,6,2,True
R0,R0,BUR,1,2025-03-01,2025-03-01,1740855600.0,1740870000.0,0,10000,8,1,False
R1,R1,BUR,1,2025-03-02,2025-03-02,1740942000.0,1740956400.0,0,10000,8,1,False
R2,R2,BUR,1,2025-03-03,2025-03-03,1741028400.0,1741042800.0,0,10000,8,1,False
R3,R3,BUR,1,2025-03-04,2025-03-04,1741114800.0,1741129200.0,0,10000,8,1,False
R4,R4,BUR,1,2025-03-05,2025-03-05,1741201200.0,1741215600.0,0,10000,8,1,False
R5,R5,BUR,1,2025-03-06,2025-03-06,1741287600.0,1741302000.0,0,10000,8,1,False
R6,R6,BUR,1,2025-03-07,2025-03-07,1741374000.0,1741388400.0,0,10000,8,1,False
R7,R7,BUR,1,2025-03-08,2025-03-08,1741460400.0,1741474800.0,0,10000,8,1,False
R8,R8,BUR,1,2025-03-09,2025-03-09,1741546800.0,1741561200.0,0,10000,8,1,False
R9,R9,BUR,1,2025-03-10,2025-03-10,1741629600.0,1741644000.0,0,10000,8,1,False
R10,R10,BUR,1,2025-03-11,2025-03-11,1741716000.0,1741730400.0,0,10000,8,1,False
R11,R11,BUR,1,2025-03-12,2025-03-12,1741802400.0,1741816800.0,0,10000,8,1,False
R12,R12,BUR,1,2025-03-13,2025-03-13,1741888800.0,1741903200.0,0,10000,8,1,False
R13,R13,BUR,1,2025-03-14,2025-03-14,1741975200.0,1741989600.0,0,10000,8,1,False
R14,R14,BUR,1,2025-03-15,2025-03-15,1742061600.0,1742076000.0,0,10000,8,1,False
R15,R15,BUR,1,2025-03-16,2025-03-16,1742148000.0,1742162400.0,0,10000,8,1,False
R16,R16,BUR,1,2025-03-17,2025-03-17,1742234400.0,1742248800.0,0,10000,8,1,False
R17,R17,BUR,1,2025-03-18,2025-03-18,1742320800.0,1742335200.0,0,10000,8,1,False
R18,R18,BUR,1,2025-03-19,2025-03-19,1742407200.0,1742421600.0,0,10000,8,1,False
R19,R19,BUR,1,2025-03-20,2025-03-20,1742493600.0,1742508000.0,0,10000,8,1,False
R20,R20,BUR,1,2025-03-21,2025-03-21,1742580000.0,1742594400.0,0,10000,8,1,False
R21,R21,BUR,1,2025-03-22,2025-03-22,1742666400.0,1742680800.0,0,10000,8,1,False
R22,R22,BUR,1,2025-03-23,2025-03-23,1742752800.0,1742767200.0,0,10000,8,1,False
R23,R23,BUR,1,2025-03-24,2025-03-24,1742839200.0,1742853600.0,0,10000,8,1,False
R24,R24,BUR,1,2025-03-25,2025-03-25,1742925600.0,1742940000.0,0,10000,8,1,False
R25,R25,DAL,1,2025-03-01,2025-03-01,1740855600.0,1740870000.0,0,10000,8,1,False
R26,R26,DAL,1,2025-03-01,2025-03-01,1740855600.0,1740870000.0,0,10000,8,1,False
R27,R27,DAL,1,2025-03-02,2025-03-02,1740942000.0,1740956400.0,0,10000,8,1,False
R28,R28,DAL,1,2025-03-02,2025-03-02,1740942000.0,1740956400.0,0,10000,8,1,False
R29,R29,DAL,1,2025-03-03,2025-03-03,1741028400.0,1741042800.0,0,10000,8,1,False
R30,R30,DAL,1,2025-03-03,2025-03-03,1741028400.0,1741042800.0,0,10000,8,1,False
R31,R31,DAL,1,2025-03-04,2025-03-04,1741114800.0,1741129200.0,0,10000,8,1,False
R32,R32,DAL,1,2025-03-04,2025-03-04,1741114800.0,1741129200.0,0,10000,8,1,False
R33,R33,DAL,1,2025-03-05,2025-03-05,1741201200.0,1741215600.0,0,10000,8,1,False
R34,R34,DAL,1,2025-03-05,2025-03-05,1741201200.0,1741215600.0,0,10000,8,1,False
R35,R35,DAL,1,2025-03-06,2025-03-06,1741287600.0,1741302000.0,0,10000,8,1,False
R36,R36,DAL,1,2025-03-06,2025-03-06,1741287600.0,1741302000.0,0,10000,8,1,False
R37,R37,DAL,1,2025-03-07,2025-03-07,1741374000.0,1741388400.0,0,10000,8,1,False
R38,R38,DAL,1,2025-03-07,2025-03-07,1741374000.0,1741388400.0,0,10000,8,1,False
R39,R39,DAL,1,2025-03-08,2025-03-08,1741460400.0,1741474800.0,0,10000,8,1,False
R40,R40,DAL,1,2025-03-08,2025-03-08,1741460400.0,1741474800.0,0,10000,8,1,False
R41,R41,DAL,1,2025-03-09,2025-03-09,1741546800.0,1741561200.0,0,10000,8,1,False
R42,R42,DAL,1,2025-03-09,2025-03-09,1741546800.0,1741561200.0,0,10000,8,1,False
R43,R43,DAL,1,2025-03-10,2025-03-10,1741629600.0,1741644000.0,0,10000,8,1,False
R44,R44,DAL,1,2025-03-10,2025-03-10,1741629600.0,1741644000.0,0,10000,8,1,False
R45,R45,DAL,1,2025-03-11,2025-03-11,1741716000.0,1741730400.0,0,10000,8,1,False
R46,R46,DAL,1,2025-03-11,2025-03-11,1741716000.0,1741730400.0,0,10000,8,1,False
R47,R47,DAL,1,2025-03-12,2025-03-12,1741802400.0,1741816800.0,0,10000,8,1,False
R48,R48,DAL,1,2025-03-12,2025-03-12,1741802400.0,1741816800.0,0,10000,8,1,False
R49,R49,DAL,1,2025-03-13,2025-03-13,1741888800.0,1741903200.0,0,10000,8,1,False
R50,R50,DAL,1,2025-03-13,2025-03-13,1741888800.0,1741903200.0,0,10000,8,1,False
R51,R51,DAL,1,2025-03-14,2025-03-14,1741975200.0,1741989600.0,0,10000,8,1,False
R52,R52,DAL,1,2025-03-14,2025-03-14,1741975200.0,1741989600.0,0,10000,8,1,False
R53,R53,DAL,1,2025-03-15,2025-03-15,1742061600.0,1742076000.0,0,10000,8,1,False
R54,R54,DAL,1,2025-03-15,2025-03-15,1742061600.0,1742076000.0,0,10000,8,1,False
R55,R55,DAL,1,2025-03-16,2025-03-16,1742148000.0,1742162400.0,0,10000,8,1,False
R56,R56,DAL,1,2025-03-16,2025-03-16,1742148000.0,1742162400.0,0,10000,8,1,False
R57,R57,DAL,1,2025-03-17,2025-03-17,1742234400.0,1742248800.0,0,10000,8,1,False
R58,R58,DAL,1,2025-03-17,2025-03-17,1742234400.0,1742248800.0,0,10000,8,1,False
R59,R59,DAL,1,2025-03-18,2025-03-18,1742320800.0,1742335200.0,0,10000,8,1,False
R60,R60,DAL,1,2025-03-18,2025-03-18,1742320800.0,1742335200.0,0,10000,8,1,False
R61,R61,DAL,1,2025-03-19,2025-03-19,1742407200.0,1742421600.0,0,10000,8,1,False
R62,R62,DAL,1,2025-03-19,2025-03-19,1742407200.0,1742421600.0,0,10000,8,1,False
R63,R63,DAL,1,2025-03-20,2025-03-20,1742493600.0,1742508000.0,0,10000,8,1,False
R64,R64,DAL,1,2025-03-20,2025-03-20,1742493600.0,1742508000.0,0,10000,8,1,False
R65,R65,DAL,1,2025-03-21,2025-03-21,1742580000.0,1742594400.0,0,10000,8,1,False
R66,R66,DAL,1,2025-03-21,2025-03-21,1742580000.0,1742594400.0,0,10000,8,1,False
R67,R67,DAL,1,2025-03-22,2025-03-22,1742666400.0,1742680800.0,0,10000,8,1,False
R68,R68,DAL,1,2025-03-22,2025-03-22,1742666400.0,1742680800.0,0,10000,8,1,False
R69,R69,DAL,1,2025-03-23,2025-03-23,1742752800.0,1742767200.0,0,10000,8,1,False
R70,R70,DAL,1,2025-03-23,2025-03-23,1742752800.0,1742767200.0,0,10000,8,1,False
R71,R71,DAL,1,2025-03-24,2025-03-24,1742839200.0,1742853600.0,0,10000,8,1,False
R72,R72,DAL,1,2025-03-24,2025-03-24,1742839200.0,1742853600.0,0,10000,8,1,False
R73,R73,DAL,1,2025-03-25,2025-03-25,1742925600.0,1742940000.0,0,10000,8,1,False
R74,R74,DAL,1,2025-03-25,2025-03-25,1742925600.0,1742940000.0,0,10000,8,1,False
R75,R75,DAL,1,2025-03-26,2025-03-26,1743012000.0,1743026400.0,0,10000,8,1,False
R76,R76,DAL,1,2025-03-26,2025-03-26,1743012000.0,1743026400.0,0,10000,8,1,False
R77,R77,DAL,1,2025-03-27,2025-03-27,1743098400.0,1743112800.0,0,10000,8,1,False
R78,R78,DAL,1,2025-03-27,2025-03-27,1743098400.0,1743112800.0,0,10000,8,1,False
R79,R79,DAL,1,2025-03-28,2025-03-28,1743184800.0,1743199200.0,0,10000,8,1,False
R80,R80,DAL,1,2025-03-28,2025-03-28,1743184800.0,1743199200.0,0,10000,8,1,False
R81,R81,DAL,1,2025-03-29,2025-03-29,1743271200.0,1743285600.0,0,10000,8,1,False
R82,R82,DAL,1,2025-03-29,2025-03-29,1743271200.0,1743285600.0,0,10000,8,1,False
R83,R83,DAL,1,2025-03-30,2025-03-30,1743357600.0,1743372000.0,0,10000,8,1,False
R84,R84,DAL,1,2025-03-30,2025-03-30,1743357600.0,1743372000.0,0,10000,8,1,False
R85,R85,DAL,1,2025-03-31,2025-03-31,1743444000.0,1743458400.0,0,10000,8,1,False
R86,R86,DAL,1,2025-03-31,2025-03-31,1743444000.0,1743458400.0,0,10000,8,1,False
R87,R87,LAS,1,2025-03-01,2025-03-01,1740855600.0,1740870000.0,0,10000,8,1,False
R88,R88,LAS,1,2025-03-02,2025-03-02,1740942000.0,1740956400.0,0,10000,8,1,False
R89,R89,LAS,1,2025-03-03,2025-03-03,1741028400.0,1741042800.0,0,10000,8,1,False
R90,R90,LAS,1,2025-03-04,2025-03-04,1741114800.0,1741129200.0,0,10000,8,1,False
R91,R91,LAS,1,2025-03-05,2025-03-05,1741201200.0,1741215600.0,0,10000,8,1,False
R92,R92,LAS,1,2025-03-06,2025-03-06,1741287600.0,1741302000.0,0,10000,8,1,False
R93,R93,LAS,1,2025-03-07,2025-03-07,1741374000.0,1741388400.0,0,10000,8,1,False
R94,R94,LAS,1,2025-03-08,2025-03-08,1741460400.0,1741474800.0,0,10000,8,1,False
R95,R95,LAS,1,2025-03-09,2025-03-09,1741546800.0,1741561200.0,0,10000,8,1,False
R96,R96,LAS,1,2025-03-10,2025-03-10,1741629600.0,1741644000.0,0,10000,8,1,False
R97,R97,LAS,1,2025-03-11,2025-03-11,1741716000.0,1741730400.0,0,10000,8,1,False
R98,R98,LAS,1,2025-03-12,2025-03-12,1741802400.0,1741816800.0,0,10000,8,1,False
R99,R99,LAS,1,2025-03-13,2025-03-13,1741888800.0,1741903200.0,0,10000,8,1,False
R100,R100,LAS,1,2025-03-14,2025-03-14,1741975200.0,1741989600.0,0,10000,8,1,False
R101,R101,LAS,1,2025-03-15,2025-03-15,1742061600.0,1742076000.0,0,10000,8,1,False
R102,R102,LAS,1,2025-03-16,2025-03-16,1742148000.0,1742162400.0,0,10000,8,1,False
R103,R103,LAS,1,2025-03-17,2025-03-17,1742234400.0,1742248800.0,0,10000,8,1,False
R104,R104,LAS,1,2025-03-18,2025-03-18,1742320800.0,1742335200.0,0,10000,8,1,False
R105,R105,LAS,1,2025-03-19,2025-03-19,1742407200.0,1742421600.0,0,10000,8,1,False
R106,R106,LAS,1,2025-03-20,2025-03-20,1742493600.0,1742508000.0,0,10000,8,1,False
R107,R107,LAS,1,2025-03-21,2025-03-21,1742580000.0,1742594400.0,0,10000,8,1,False
R108,R108,LAS,1,2025-03-22,2025-03-22,1742666400.0,1742680800.0,0,10000,8,1,False
R109,R109,LAS,1,2025-03-23,2025-03-23,1742752800.0,1742767200.0,0,10000,8,1,False
R110,R110,LAS,1,2025-03-24,2025-03-24,1742839200.0,1742853600.0,0,10000,8,1,False
R111,R111,LAS,1,2025-03-25,2025-03-25,1742925600.0,1742940000.0,0,10000,8,1,False
R112,R112,OPF,1,2025-03-01,2025-03-01,1740855600.0,1740870000.0,0,10000,8,1,False
R113,R113,OPF,1,2025-03-02,2025-03-02,1740942000.0,1740956400.0,0,10000,8,1,False
R114,R114,OPF,1,2025-03-03,2025-03-03,1741028400.0,1741042800.0,0,10000,8,1,False
R115,R115,OPF,1,2025-03-04,2025-03-04,1741114800.0,1741129200.0,0,10000,8,1,False
R116,R116,OPF,1,2025-03-05,2025-03-05,1741201200.0,1741215600.0,0,10000,8,1,False
R117,R117,OPF,1,2025-03-06,2025-03-06,1741287600.0,1741302000.0,0,10000,8,1,False
R118,R118,OPF,1,2025-03-07,2025-03-07,1741374000.0,1741388400.0,0,10000,8,1,False
R119,R119,OPF,1,2025-03-08,2025-03-08,1741460400.0,1741474800.0,0,10000,8,1,False
R120,R120,OPF,1,2025-03-09,2025-03-09,1741546800.0,1741561200.0,0,10000,8,1,False
R121,R121,OPF,1,2025-03-10,2025-03-10,1741629600.0,1741644000.0,0,10000,8,1,False
R122,R122,OPF,1,2025-03-11,2025-03-11,1741716000.0,1741730400.0,0,10000,8,1,False
R123,R123,OPF,1,2025-03-12,2025-03-12,1741802400.0,1741816800.0,0,10000,8,1,False
R124,R124,OPF,1,2025-03-13,2025-03-13,1741888800.0,1741903200.0,0,10000,8,1,False
R125,R125,OPF,1,2025-03-14,2025-03-14,1741975200.0,1741989600.0,0,10000,8,1,False
R126,R126,OPF,1,2025-03-15,2025-03-15,1742061600.0,1742076000.0,0,10000,8,1,False
R127,R127,OPF,1,2025-03-16,2025-03-16,1742148000.0,1742162400.0,0,10000,8,1,False
R128,R128,OPF,1,2025-03-17,2025-03-17,1742234400.0,1742248800.0,0,10000,8,1,False
R129,R129,OPF,1,2025-03-18,2025-03-18,1742320800.0,1742335200.0,0,10000,8,1,False
R130,R130,OPF,1,2025-03-19,2025-03-19,1742407200.0,1742421600.0,0,10000,8,1,False
R131,R131,OPF,1,2025-03-20,2025-03-20,1742493600.0,1742508000.0,0,10000,8,1,False
R132,R132,OPF,1,2025-03-21,2025-03-21,1742580000.0,1742594400.0,0,10000,8,1,False
R133,R133,OPF,1,2025-03-22,2025-03-22,1742666400.0,1742680800.0,0,10000,8,1,False
R134,R134,OPF,1,2025-03-23,2025-03-23,1742752800.0,1742767200.0,0,10000,8,1,False
R135,R135,OPF,1,2025-03-24,2025-03-24,1742839200.0,1742853600.0,0,10000,8,1,False
R136,R136,OPF,1,2025-03-25,2025-03-25,1742925600.0,1742940000.0,0,10000,8,1,False
R137,R137,OPF,1,2025-03-26,2025-03-26,1743012000.0,1743026400.0,0,10000,8,1,False
R138,R138,OPF,1,2025-03-27,2025-03-27,1743098400.0,1743112800.0,0,10000,8,1,False
R139,R139,OPF,1,2025-03-28,2025-03-28,1743184800.0,1743199200.0,0,10000,8,1,False
R140,R140,OPF,1,2025-03-29,2025-03-29,1743271200.0,1743285600.0,0,10000,8,1,False
R141,R141,OPF,1,2025-03-30,2025-03-30,1743357600.0,1743372000.0,0,10000,8,1,False
