,name,idx,base_start,mult,d1,d2,pstart,pend,nlayovers,dtime,shour,mlegs,charter
0,C3,65799,OAK,6,2025-03-03,2025-03-08,1741008600.0,1741473600.0,5,28800,5,3,True
1,C4,65802,DAL,2,2025-03-07,2025-03-08,1741374000.0,1741488600.0,1,12000,13,1,True
2,C5,65803,BUR,1,2025-03-08,2025-03-08,1741447800.0,1741468800.0,0,21000,7,3,True
3,C6,65804,OAK,1,2025-03-19,2025-03-19,1742414400.0,1742439300.0,0,24900,13,3,True
4,C7,65805,DAL,1,2025-03-21,2025-03-21,1742560500.0,1742580000.0,0,19500,7,3,True
5,C8,65806,DAL,1,2025-03-23,2025-03-23,1742736900.0,1742756400.0,0,19500,8,3,True
6,400SCF01,66589,SCF,1,2025-03-01,2025-03-01,1740839400.0,1740871800.0,0,32400,7,4,False
7,202DAL01,66590,DAL,2,2025-03-01,2025-03-02,1740845400.0,1740975600.0,1,36900,10,4,False
8,760BUR01,66591,BUR,1,2025-03-01,2025-03-01,1740860400.0,1740894300.0,0,33900,12,4,False
9,114BUR01,66592,BUR,1,2025-03-01,2025-03-01,1740852000.0,1740883200.0,0,31200,10,4,False
10,106BUR01,66593,BUR,2,2025-03-01,2025-03-02,1740854700.0,1740974100.0,1,36900,10,2,False
11,476SCF01,66594,SCF,1,2025-03-01,2025-03-01,1740858300.0,1740885900.0,0,27600,12,4,False
12,171OAK01,66595,OAK,1,2025-03-01,2025-03-01,1740842100.0,1740858600.0,0,16500,7,2,False
13,104BUR01,66596,BUR,1,2025-03-01,2025-03-01,1740849300.0,1740879000.0,0,29700,9,4,False
14,470SCF01,66597,SCF,1,2025-03-01,2025-03-01,1740840600.0,1740878700.0,0,38100,7,4,False
15,175OAK01,66598,OAK,1,2025-03-01,2025-03-01,1740855600.0,1740885600.0,0,30000,11,4,False
16,490SCF01,66599,SCF,1,2025-03-01,2025-03-01,1740851100.0,1740869400.0,0,18300,10,2,False
17,308LAS01,66600,LAS,1,2025-03-01,2025-03-01,1740856800.0,1740884400.0,0,27600,11,4,False
18,654LAS01,66601,LAS,1,2025-03-01,2025-03-01,1740846000.0,1740877200.0,0,31200,8,4,False
19,300LAS01,66602,LAS,1,2025-03-01,2025-03-01,1740841200.0,1740876000.0,0,34800,7,4,False
20,302LAS01,66603,LAS,1,2025-03-01,2025-03-01,1740852900.0,1740882600.0,0,29700,10,4,False
21,280DAL01,66604,DAL,2,2025-03-01,2025-03-02,1740834900.0,1740966600.0,1,32100,7,3,False
22,722SNA01,66605,SNA,1,2025-03-01,2025-03-01,1740855000.0,1740887100.0,0,32100,10,4,False
23,1098DAL01,66606,DAL,1,2025-03-01,2025-03-01,1740842100.0,1740872100.0,0,30000,9,2,False
24,470SCF02,66607,SCF,1,2025-03-02,2025-03-02,1740927000.0,1740965100.0,0,38100,7,4,False
25,108BUR02,66608,BUR,1,2025-03-02,2025-03-02,1740952500.0,1740980700.0,0,28200,13,4,False
26,460OAK02,66609,OAK,1,2025-03-02,2025-03-02,1740932400.0,1740967800.0,0,35400,8,4,False
27,109LAS02,66610,LAS,1,2025-03-02,2025-03-02,1740955200.0,1740982500.0,0,27300,14,4,False
28,490SCF02,66611,SCF,1,2025-03-02,2025-03-02,1740937500.0,1740970500.0,0,33000,10,4,False
29,119LAS02,66612,LAS,1,2025-03-02,2025-03-02,1740937500.0,1740966000.0,0,28500,9,4,False
30,120BUR02,66613,BUR,1,2025-03-02,2025-03-02,1740949800.0,1740980100.0,0,30300,13,4,False
31,760BUR02,66614,BUR,1,2025-03-02,2025-03-02,1740946800.0,1740967500.0,0,20700,12,2,False
32,476SCF02,66615,SCF,1,2025-03-02,2025-03-02,1740930300.0,1740958800.0,0,28500,8,4,False
33,128LAS02,66616,LAS,1,2025-03-02,2025-03-02,1740952200.0,1740979800.0,0,27600,13,4,False
34,620LAS02,66617,LAS,1,2025-03-02,2025-03-02,1740933900.0,1740969600.0,0,35700,8,4,False
35,100BUR02,66618,BUR,1,2025-03-02,2025-03-02,1740924000.0,1740951300.0,0,27300,6,4,False
36,900DAL02,66619,DAL,1,2025-03-02,2025-03-02,1740930600.0,1740970200.0,0,39600,9,4,False
37,280DAL02,66620,DAL,2,2025-03-02,2025-03-03,1740921300.0,1741062000.0,1,31500,7,3,False
38,286DAL02,66621,DAL,1,2025-03-02,2025-03-02,1740957300.0,1740972600.0,0,15300,17,2,False
39,904BUR02,66622,BUR,1,2025-03-02,2025-03-02,1740933900.0,1740969600.0,0,35700,8,4,False
40,300LAS02,66623,LAS,1,2025-03-02,2025-03-02,1740927600.0,1740958200.0,0,30600,7,4,False
41,171OAK02,66624,OAK,1,2025-03-02,2025-03-02,1740927600.0,1740945000.0,0,17400,7,2,False
42,408SCF02,66625,SCF,1,2025-03-02,2025-03-02,1740963000.0,1740978600.0,0,15600,17,2,False
43,175OAK02,66626,OAK,1,2025-03-02,2025-03-02,1740941100.0,1740970500.0,0,29400,10,4,False
44,370LAS02,66627,LAS,1,2025-03-02,2025-03-02,1740935700.0,1740964800.0,0,29100,9,4,False
45,404SCF02,66628,SCF,1,2025-03-02,2025-03-02,1740933600.0,1740952200.0,0,18600,9,2,False
46,775BUR02,66629,BUR,1,2025-03-02,2025-03-02,1740932100.0,1740962400.0,0,30300,8,4,False
47,402SCF02,66630,SCF,1,2025-03-02,2025-03-02,1740957300.0,1740975300.0,0,18000,16,2,False
48,400SCF02,66631,SCF,1,2025-03-02,2025-03-02,1740925800.0,1740957900.0,0,32100,7,4,False
49,201LAS02,66632,LAS,1,2025-03-02,2025-03-02,1740938400.0,1740967800.0,0,29400,10,2,False
50,302LAS02,66633,LAS,1,2025-03-02,2025-03-02,1740939300.0,1740969000.0,0,29700,10,4,False
51,654LAS02,66634,LAS,1,2025-03-02,2025-03-02,1740932400.0,1740966300.0,0,33900,8,4,False
52,750DAL02,66635,DAL,2,2025-03-02,2025-03-03,1740924000.0,1741048200.0,1,36000,8,3,False
53,720SNA02,66636,SNA,1,2025-03-02,2025-03-02,1740934800.0,1740966900.0,0,32100,9,4,False
54,490SCF03,66637,SCF,1,2025-03-03,2025-03-03,1741023900.0,1741056900.0,0,33000,10,4,False
55,402SCF03,66638,SCF,1,2025-03-03,2025-03-03,1741043700.0,1741061700.0,0,18000,16,2,False
56,120BUR03,66639,BUR,1,2025-03-03,2025-03-03,1741036200.0,1741052400.0,0,16200,13,2,False
57,904BUR03,66640,BUR,1,2025-03-03,2025-03-03,1741020300.0,1741044000.0,0,23700,8,2,False
58,775BUR03,66641,BUR,1,2025-03-03,2025-03-03,1741018500.0,1741053900.0,0,35400,8,4,False
59,404SCF03,66642,SCF,1,2025-03-03,2025-03-03,1741020000.0,1741038600.0,0,18600,9,2,False
60,720SNA03,66643,SNA,1,2025-03-03,2025-03-03,1741021200.0,1741053300.0,0,32100,9,4,False
61,750DAL03,66644,DAL,1,2025-03-03,2025-03-03,1741010400.0,1741050000.0,0,39600,8,4,False
62,201LAS03,66645,LAS,1,2025-03-03,2025-03-03,1741024800.0,1741054200.0,0,29400,10,2,False
63,370LAS03,66646,LAS,1,2025-03-03,2025-03-03,1741022100.0,1741051200.0,0,29100,9,4,False
64,400SCF03,66647,SCF,1,2025-03-03,2025-03-03,1741012200.0,1741044300.0,0,32100,7,4,False
65,620LAS03,66648,LAS,1,2025-03-03,2025-03-03,1741020300.0,1741056000.0,0,35700,8,4,False
66,300LAS03,66649,LAS,1,2025-03-03,2025-03-03,1741014000.0,1741044600.0,0,30600,7,4,False
67,460OAK03,66650,OAK,1,2025-03-03,2025-03-03,1741018800.0,1741054200.0,0,35400,8,4,False
68,100BUR03,66651,BUR,1,2025-03-03,2025-03-03,1741010400.0,1741037700.0,0,27300,6,4,False
69,108BUR03,66652,BUR,1,2025-03-03,2025-03-03,1741038900.0,1741067100.0,0,28200,13,4,False
70,650LAS03,66654,LAS,1,2025-03-03,2025-03-03,1741033800.0,1741052100.0,0,18300,12,2,False
71,470SCF03,66655,SCF,1,2025-03-03,2025-03-03,1741013400.0,1741051500.0,0,38100,7,4,False
72,320LAS03,66656,LAS,1,2025-03-03,2025-03-03,1741023000.0,1741038600.0,0,15600,9,2,False
73,900DAL03,66657,DAL,1,2025-03-03,2025-03-03,1741017000.0,1741056600.0,0,39600,9,4,False
74,170BUR03,66658,BUR,1,2025-03-03,2025-03-03,1741011300.0,1741041600.0,0,30300,6,4,False
75,476SCF03,66659,SCF,1,2025-03-03,2025-03-03,1741016700.0,1741045200.0,0,28500,8,4,False
76,109LAS03,66660,LAS,1,2025-03-03,2025-03-03,1741041600.0,1741068900.0,0,27300,14,4,False
77,290DAL03,66661,DAL,1,2025-03-03,2025-03-03,1741021200.0,1741036500.0,0,15300,11,2,False
78,175OAK03,66662,OAK,1,2025-03-03,2025-03-03,1741022100.0,1741051500.0,0,29400,9,4,False
79,141BUR03,66663,BUR,1,2025-03-03,2025-03-03,1741031400.0,1741063800.0,0,32400,11,4,False
80,302LAS03,66664,LAS,1,2025-03-03,2025-03-03,1741025700.0,1741055400.0,0,29700,10,4,False
81,280DAL03,66665,DAL,2,2025-03-03,2025-03-04,1741004100.0,1741148400.0,1,30300,6,3,False
82,290DAL04,66666,DAL,1,2025-03-04,2025-03-04,1741107600.0,1741140900.0,0,33300,11,4,False
83,400SCF04,66667,SCF,1,2025-03-04,2025-03-04,1741098600.0,1741130700.0,0,32100,7,4,False
84,170BUR04,66668,BUR,1,2025-03-04,2025-03-04,1741097700.0,1741125300.0,0,27600,6,4,False
85,760BUR04,66669,BUR,1,2025-03-04,2025-03-04,1741119600.0,1741140300.0,0,20700,12,2,False
86,176BUR04,66670,BUR,1,2025-03-04,2025-03-04,1741133100.0,1741150200.0,0,17100,16,2,False
87,472SCF04,66671,SCF,1,2025-03-04,2025-03-04,1741107000.0,1741139100.0,0,32100,9,4,False
88,175OAK04,66672,OAK,1,2025-03-04,2025-03-04,1741108500.0,1741137900.0,0,29400,9,4,False
89,654LAS04,66673,LAS,1,2025-03-04,2025-03-04,1741101000.0,1741119000.0,0,18000,7,2,False
90,490SCF04,66674,SCF,1,2025-03-04,2025-03-04,1741110300.0,1741145100.0,0,34800,10,4,False
91,750DAL04,66675,DAL,1,2025-03-04,2025-03-04,1741109400.0,1741136400.0,0,27000,11,2,False
92,108BUR04,66676,BUR,1,2025-03-04,2025-03-04,1741121700.0,1741153500.0,0,31800,12,4,False
93,624LAS04,66677,LAS,1,2025-03-04,2025-03-04,1741116600.0,1741144800.0,0,28200,11,4,False
94,101LAS04,66678,LAS,1,2025-03-04,2025-03-04,1741096800.0,1741128000.0,0,31200,6,4,False
95,109LAS04,66679,LAS,1,2025-03-04,2025-03-04,1741125000.0,1741152600.0,0,27600,13,4,False
96,280DAL04,66680,DAL,2,2025-03-04,2025-03-05,1741090500.0,1741234800.0,1,30300,6,3,False
97,624LAS05,66681,LAS,1,2025-03-05,2025-03-05,1741203000.0,1741219200.0,0,16200,11,2,False
98,175OAK05,66682,OAK,1,2025-03-05,2025-03-05,1741194900.0,1741224300.0,0,29400,9,4,False
99,490SCF05,66683,SCF,1,2025-03-05,2025-03-05,1741196700.0,1741231500.0,0,34800,10,4,False
100,108BUR05,66684,BUR,1,2025-03-05,2025-03-05,1741208100.0,1741239900.0,0,31800,12,4,False
101,101LAS05,66685,LAS,1,2025-03-05,2025-03-05,1741183200.0,1741214400.0,0,31200,6,4,False
102,654LAS05,66686,LAS,2,2025-03-05,2025-03-06,1741187400.0,1741310400.0,1,37800,7,4,False
103,280DAL05,66687,DAL,2,2025-03-05,2025-03-06,1741176900.0,1741321200.0,1,30300,6,3,False
104,109LAS05,66688,LAS,1,2025-03-05,2025-03-05,1741211400.0,1741239000.0,0,27600,13,4,False
105,170BUR05,66689,BUR,1,2025-03-05,2025-03-05,1741184100.0,1741211700.0,0,27600,6,4,False
106,176BUR05,66690,BUR,1,2025-03-05,2025-03-05,1741219500.0,1741236600.0,0,17100,16,2,False
107,760BUR05,66691,BUR,1,2025-03-05,2025-03-05,1741206000.0,1741226700.0,0,20700,12,2,False
108,400SCF05,66692,SCF,2,2025-03-05,2025-03-06,1741185000.0,1741324200.0,1,34800,7,4,False
109,290DAL05,66693,DAL,1,2025-03-05,2025-03-05,1741194000.0,1741227300.0,0,33300,11,4,False
110,472SCF05,66694,SCF,1,2025-03-05,2025-03-05,1741193400.0,1741225500.0,0,32100,9,4,False
111,750DAL05,66695,DAL,1,2025-03-05,2025-03-05,1741195800.0,1741222800.0,0,27000,11,2,False
112,109LAS06,66696,LAS,1,2025-03-06,2025-03-06,1741300800.0,1741328100.0,0,27300,14,4,False
113,175OAK06,66697,OAK,1,2025-03-06,2025-03-06,1741281300.0,1741310700.0,0,29400,9,4,False
114,141BUR06,66698,BUR,1,2025-03-06,2025-03-06,1741290600.0,1741323000.0,0,32400,11,4,False
115,170BUR06,66699,BUR,2,2025-03-06,2025-03-07,1741270500.0,1741399500.0,1,33900,6,4,False
116,460OAK06,66700,OAK,1,2025-03-06,2025-03-06,1741278000.0,1741313400.0,0,35400,8,4,False
117,290DAL06,66701,DAL,1,2025-03-06,2025-03-06,1741280400.0,1741313700.0,0,33300,11,4,False
118,101LAS06,66702,LAS,1,2025-03-06,2025-03-06,1741269600.0,1741298100.0,0,28500,6,4,False
119,900DAL06,66703,DAL,1,2025-03-06,2025-03-06,1741262400.0,1741302000.0,0,39600,6,4,False
120,280DAL06,66704,DAL,2,2025-03-06,2025-03-07,1741263300.0,1741395000.0,1,37500,6,4,False
121,108BUR06,66705,BUR,1,2025-03-06,2025-03-06,1741298100.0,1741326300.0,0,28200,13,4,False
122,320LAS06,66706,LAS,1,2025-03-06,2025-03-06,1741282200.0,1741311600.0,0,29400,9,4,False
123,476SCF06,66707,SCF,1,2025-03-06,2025-03-06,1741275900.0,1741304400.0,0,28500,8,4,False
124,490SCF06,66708,SCF,1,2025-03-06,2025-03-06,1741283100.0,1741316100.0,0,33000,10,4,False
125,654LAS06,66709,LAS,1,2025-03-06,2025-03-06,1741278000.0,1741311300.0,0,33300,8,4,False
126,402SCF06,66710,SCF,1,2025-03-06,2025-03-06,1741302900.0,1741320900.0,0,18000,16,2,False
127,750DAL06,66711,DAL,1,2025-03-06,2025-03-06,1741269600.0,1741309200.0,0,39600,8,4,False
128,904BUR06,66712,BUR,1,2025-03-06,2025-03-06,1741272300.0,1741307700.0,0,35400,6,4,False
129,720SNA06,66713,SNA,1,2025-03-06,2025-03-06,1741280400.0,1741312500.0,0,32100,9,4,False
130,201LAS06,66714,LAS,1,2025-03-06,2025-03-06,1741284000.0,1741313400.0,0,29400,10,2,False
131,400SCF06,66715,SCF,2,2025-03-06,2025-03-07,1741271400.0,1741401600.0,1,25500,7,3,False
132,106BUR06,66716,BUR,1,2025-03-06,2025-03-06,1741281600.0,1741311600.0,0,30000,9,4,False
133,100BUR06,66717,BUR,1,2025-03-06,2025-03-06,1741269600.0,1741285200.0,0,15600,6,2,False
134,620LAS06,66718,LAS,1,2025-03-06,2025-03-06,1741280400.0,1741317000.0,0,36600,9,4,False
135,300LAS06,66719,LAS,1,2025-03-06,2025-03-06,1741273200.0,1741303800.0,0,30600,7,4,False
136,302LAS06,66720,LAS,1,2025-03-06,2025-03-06,1741284900.0,1741314600.0,0,29700,10,4,False
137,404SCF06,66721,SCF,1,2025-03-06,2025-03-06,1741279200.0,1741297800.0,0,18600,9,2,False
138,775BUR06,66722,BUR,1,2025-03-06,2025-03-06,1741277700.0,1741313100.0,0,35400,8,4,False
139,750DAL07,66723,DAL,2,2025-03-07,2025-03-08,1741356000.0,1741485000.0,1,27900,8,3,False
140,400SCF07,66724,SCF,1,2025-03-07,2025-03-07,1741357800.0,1741389900.0,0,32100,7,4,False
141,904BUR07,66725,BUR,1,2025-03-07,2025-03-07,1741358700.0,1741382700.0,0,24000,6,2,False
142,101LAS07,66726,LAS,1,2025-03-07,2025-03-07,1741356000.0,1741384500.0,0,28500,6,4,False
143,286DAL07,66727,DAL,1,2025-03-07,2025-03-07,1741385400.0,1741400700.0,0,15300,16,2,False
144,170BUR07,66728,BUR,1,2025-03-07,2025-03-07,1741356900.0,1741387200.0,0,30300,6,4,False
145,775BUR07,66729,BUR,1,2025-03-07,2025-03-07,1741364100.0,1741398000.0,0,33900,8,4,False
146,322LAS07,66730,LAS,1,2025-03-07,2025-03-07,1741381200.0,1741411800.0,0,30600,13,4,False
147,201LAS07,66731,LAS,1,2025-03-07,2025-03-07,1741370400.0,1741399800.0,0,29400,10,2,False
148,900DAL07,66732,DAL,1,2025-03-07,2025-03-07,1741348800.0,1741388400.0,0,39600,6,4,False
149,175OAK07,66733,OAK,1,2025-03-07,2025-03-07,1741367700.0,1741397100.0,0,29400,9,4,False
150,408SCF07,66734,SCF,1,2025-03-07,2025-03-07,1741395000.0,1741410600.0,0,15600,17,2,False
151,320LAS07,66735,LAS,1,2025-03-07,2025-03-07,1741368600.0,1741401000.0,0,32400,9,4,False
152,720SNA07,66736,SNA,1,2025-03-07,2025-03-07,1741366800.0,1741398900.0,0,32100,9,4,False
153,206DAL07,66737,DAL,1,2025-03-07,2025-03-07,1741368600.0,1741398600.0,0,30000,11,2,False
154,402SCF07,66738,SCF,1,2025-03-07,2025-03-07,1741389300.0,1741407300.0,0,18000,16,2,False
155,280DAL07,66739,DAL,2,2025-03-07,2025-03-08,1741349700.0,1741494900.0,1,30600,6,3,False
156,470SCF07,66740,SCF,1,2025-03-07,2025-03-07,1741359000.0,1741397100.0,0,38100,7,4,False
157,108BUR07,66741,BUR,1,2025-03-07,2025-03-07,1741384500.0,1741412700.0,0,28200,13,4,False
158,300LAS07,66742,LAS,1,2025-03-07,2025-03-07,1741359600.0,1741390200.0,0,30600,7,4,False
159,620LAS07,66743,LAS,1,2025-03-07,2025-03-07,1741365900.0,1741401600.0,0,35700,8,4,False
160,654LAS07,66744,LAS,1,2025-03-07,2025-03-07,1741364400.0,1741397700.0,0,33300,8,4,False
161,123LAS07,66745,LAS,1,2025-03-07,2025-03-07,1741369500.0,1741398000.0,0,28500,9,4,False
162,141BUR07,66746,BUR,1,2025-03-07,2025-03-07,1741377000.0,1741409400.0,0,32400,11,4,False
163,109LAS07,66747,LAS,1,2025-03-07,2025-03-07,1741387200.0,1741414500.0,0,27300,14,4,False
164,476SCF07,66748,SCF,1,2025-03-07,2025-03-07,1741362300.0,1741390800.0,0,28500,8,4,False
165,302LAS07,66749,LAS,1,2025-03-07,2025-03-07,1741371300.0,1741400100.0,0,28800,10,4,False
166,460OAK07,66750,OAK,1,2025-03-07,2025-03-07,1741364400.0,1741399800.0,0,35400,8,4,False
167,100BUR07,66751,BUR,1,2025-03-07,2025-03-07,1741356000.0,1741383300.0,0,27300,6,4,False
168,490SCF07,66752,SCF,1,2025-03-07,2025-03-07,1741369500.0,1741402500.0,0,33000,10,4,False
169,202DAL08,66753,DAL,2,2025-03-08,2025-03-09,1741450200.0,1741564800.0,1,27900,10,3,False
170,XE104,66754,BUR,1,2025-03-08,2025-03-08,1741454100.0,1741482000.0,0,27900,9,4,False
171,760BUR08,66755,BUR,1,2025-03-08,2025-03-08,1741465200.0,1741499100.0,0,33900,12,4,False
172,496DAL08,66756,DAL,1,2025-03-08,2025-03-08,1741440600.0,1741467300.0,0,26700,7,2,False
173,504DAL08,66757,DAL,1,2025-03-08,2025-03-08,1741441500.0,1741463700.0,0,22200,7,2,False
174,106BUR08,66758,BUR,1,2025-03-08,2025-03-08,1741459500.0,1741486200.0,0,26700,10,4,False
175,490SCF08,66759,SCF,1,2025-03-08,2025-03-08,1741455900.0,1741490700.0,0,34800,10,4,False
176,300LAS08,66760,LAS,1,2025-03-08,2025-03-08,1741446000.0,1741461900.0,0,15900,7,2,False
177,114BUR08,66761,BUR,1,2025-03-08,2025-03-08,1741456800.0,1741488000.0,0,31200,10,4,False
178,400SCF08,66762,SCF,1,2025-03-08,2025-03-08,1741444200.0,1741478700.0,0,34500,7,4,False
179,654LAS08,66763,LAS,1,2025-03-08,2025-03-08,1741450800.0,1741482000.0,0,31200,8,4,False
180,1090DAL08,66764,DAL,1,2025-03-08,2025-03-08,1741447200.0,1741477200.0,0,30000,9,2,False
181,520DAL08,66765,DAL,1,2025-03-08,2025-03-08,1741464300.0,1741485900.0,0,21600,14,2,False
182,308LAS08,66766,LAS,1,2025-03-08,2025-03-08,1741461600.0,1741489200.0,0,27600,11,4,False
183,174BUR08,66767,BUR,2,2025-03-08,2025-03-09,1741467600.0,1741581300.0,1,25800,13,3,False
184,722SNA08,66768,SNA,1,2025-03-08,2025-03-08,1741459800.0,1741491900.0,0,32100,10,4,False
185,302LAS08,66769,LAS,1,2025-03-08,2025-03-08,1741457700.0,1741487400.0,0,29700,10,4,False
186,171OAK08,66770,OAK,2,2025-03-08,2025-03-09,1741446900.0,1741575000.0,1,24000,7,3,False
187,470SCF08,66771,SCF,1,2025-03-08,2025-03-08,1741445400.0,1741483500.0,0,38100,7,4,False
188,280DAL08,66772,DAL,2,2025-03-08,2025-03-09,1741439700.0,1741576800.0,1,32100,7,3,False
189,1092DAL08,66773,DAL,1,2025-03-08,2025-03-08,1741461000.0,1741491000.0,0,30000,13,2,False
190,520DAL09,66774,DAL,1,2025-03-09,2025-03-09,1741526100.0,1741547700.0,0,21600,8,2,False
191,171OAK09,66775,OAK,1,2025-03-09,2025-03-09,1741528800.0,1741558500.0,0,29700,7,4,False
192,320LAS09,66776,LAS,1,2025-03-09,2025-03-09,1741537800.0,1741570200.0,0,32400,9,4,False
193,654LAS09,66777,LAS,1,2025-03-09,2025-03-09,1741533600.0,1741567500.0,0,33900,8,4,False
194,104BUR09,66778,BUR,1,2025-03-09,2025-03-09,1741539900.0,1741569000.0,0,29100,10,4,False
195,119LAS09,66779,LAS,1,2025-03-09,2025-03-09,1741538700.0,1741567200.0,0,28500,9,4,False
196,775BUR09,66780,BUR,1,2025-03-09,2025-03-09,1741533300.0,1741563600.0,0,30300,8,4,False
197,504DAL09,66781,DAL,1,2025-03-09,2025-03-09,1741551300.0,1741573500.0,0,22200,15,2,False
198,494DAL09,66782,DAL,1,2025-03-09,2025-03-09,1741546800.0,1741574100.0,0,27300,14,2,False
199,400SCF09,66783,SCF,1,2025-03-09,2025-03-09,1741527000.0,1741559100.0,0,32100,6,4,False
200,286DAL09,66784,DAL,1,2025-03-09,2025-03-09,1741558500.0,1741573800.0,0,15300,17,2,False
201,900DAL09,66785,DAL,1,2025-03-09,2025-03-09,1741531800.0,1741571400.0,0,39600,9,4,False
202,490SCF09,66786,SCF,1,2025-03-09,2025-03-09,1741538700.0,1741571700.0,0,33000,9,4,False
203,201LAS09,66787,LAS,1,2025-03-09,2025-03-09,1741539600.0,1741569000.0,0,29400,10,2,False
204,904BUR09,66788,BUR,1,2025-03-09,2025-03-09,1741535100.0,1741570800.0,0,35700,8,4,False
205,101LAS09,66789,LAS,1,2025-03-09,2025-03-09,1741525200.0,1741553700.0,0,28500,6,4,False
206,100BUR09,66790,BUR,1,2025-03-09,2025-03-09,1741525200.0,1741552500.0,0,27300,6,4,False
207,460OAK09,66791,OAK,1,2025-03-09,2025-03-09,1741533600.0,1741569000.0,0,35400,8,4,False
208,109LAS09,66792,LAS,1,2025-03-09,2025-03-09,1741556400.0,1741583700.0,0,27300,14,4,False
209,408SCF09,66793,SCF,1,2025-03-09,2025-03-09,1741564200.0,1741579800.0,0,15600,16,2,False
210,302LAS09,66794,LAS,1,2025-03-09,2025-03-09,1741540500.0,1741568700.0,0,28200,10,4,False
211,620LAS09,66795,LAS,1,2025-03-09,2025-03-09,1741535100.0,1741570800.0,0,35700,8,4,False
212,720SNA09,66796,SNA,1,2025-03-09,2025-03-09,1741536000.0,1741568100.0,0,32100,9,4,False
213,1094DAL09,66797,DAL,1,2025-03-09,2025-03-09,1741524000.0,1741554000.0,0,30000,7,2,False
214,760BUR09,66798,BUR,1,2025-03-09,2025-03-09,1741548000.0,1741581900.0,0,33900,12,4,False
215,470SCF09,66799,SCF,1,2025-03-09,2025-03-09,1741528200.0,1741566300.0,0,38100,6,4,False
216,280DAL09,66800,DAL,1,2025-03-09,2025-03-09,1741522500.0,1741537800.0,0,15300,7,2,False
217,404SCF09,66801,SCF,1,2025-03-09,2025-03-09,1741543200.0,1741576500.0,0,33300,11,4,False
218,750DAL09,66802,DAL,2,2025-03-09,2025-03-10,1741525200.0,1741650000.0,1,34800,8,3,False
219,476SCF09,66803,SCF,1,2025-03-09,2025-03-09,1741531500.0,1741560000.0,0,28500,7,4,False
220,300LAS09,66804,LAS,1,2025-03-09,2025-03-09,1741528800.0,1741559400.0,0,30600,7,4,False
221,109LAS10,66805,LAS,1,2025-03-10,2025-03-10,1741642800.0,1741670100.0,0,27300,14,4,False
222,650LAS10,66806,LAS,1,2025-03-10,2025-03-10,1741635000.0,1741653300.0,0,18300,12,2,False
223,900DAL10,66807,DAL,1,2025-03-10,2025-03-10,1741618200.0,1741657800.0,0,39600,9,4,False
224,620LAS10,66808,LAS,1,2025-03-10,2025-03-10,1741621500.0,1741657200.0,0,35700,8,4,False
225,302LAS10,66809,LAS,1,2025-03-10,2025-03-10,1741626900.0,1741656600.0,0,29700,10,4,False
226,320LAS10,66810,LAS,1,2025-03-10,2025-03-10,1741624200.0,1741653600.0,0,29400,9,4,False
227,102BUR10,66811,BUR,2,2025-03-10,2025-03-11,1741617600.0,1741754700.0,1,34800,7,5,False
228,280DAL10,66812,DAL,2,2025-03-10,2025-03-11,1741605300.0,1741749600.0,1,30300,6,3,False
229,101LAS10,66813,LAS,2,2025-03-10,2025-03-11,1741611600.0,1741732500.0,1,33600,6,5,False
230,720SNA10,66814,SNA,1,2025-03-10,2025-03-10,1741622400.0,1741654500.0,0,32100,9,4,False
231,490SCF10,66815,SCF,1,2025-03-10,2025-03-10,1741625100.0,1741658100.0,0,33000,9,4,False
232,290DAL10,66816,DAL,1,2025-03-10,2025-03-10,1741622400.0,1741655700.0,0,33300,11,4,False
233,476SCF10,66817,SCF,1,2025-03-10,2025-03-10,1741617900.0,1741646400.0,0,28500,7,4,False
234,404SCF10,66818,SCF,1,2025-03-10,2025-03-10,1741629600.0,1741662900.0,0,33300,11,4,False
235,300LAS10,66819,LAS,1,2025-03-10,2025-03-10,1741615200.0,1741645800.0,0,30600,7,4,False
236,120BUR10,66820,BUR,1,2025-03-10,2025-03-10,1741637400.0,1741668300.0,0,30900,13,4,False
237,775BUR10,66821,BUR,1,2025-03-10,2025-03-10,1741619700.0,1741655100.0,0,35400,8,4,False
238,175OAK10,66822,OAK,1,2025-03-10,2025-03-10,1741623300.0,1741652700.0,0,29400,9,4,False
239,470SCF10,66823,SCF,1,2025-03-10,2025-03-10,1741614600.0,1741652700.0,0,38100,6,4,False
240,170BUR10,66824,BUR,1,2025-03-10,2025-03-10,1741612500.0,1741628700.0,0,16200,6,2,False
241,408SCF10,66825,SCF,1,2025-03-10,2025-03-10,1741650600.0,1741666200.0,0,15600,16,2,False
242,141BUR10,66826,BUR,1,2025-03-10,2025-03-10,1741632600.0,1741665000.0,0,32400,11,4,False
243,750DAL10,66827,DAL,1,2025-03-10,2025-03-10,1741611600.0,1741651200.0,0,39600,8,4,False
244,460OAK10,66828,OAK,1,2025-03-10,2025-03-10,1741620000.0,1741655400.0,0,35400,8,4,False
245,400SCF10,66829,SCF,1,2025-03-10,2025-03-10,1741613400.0,1741645500.0,0,32100,6,4,False
246,100BUR10,66830,BUR,1,2025-03-10,2025-03-10,1741611600.0,1741638900.0,0,27300,6,4,False
247,201LAS10,66831,LAS,1,2025-03-10,2025-03-10,1741626000.0,1741655400.0,0,29400,10,2,False
248,760BUR11,66832,BUR,1,2025-03-11,2025-03-11,1741720800.0,1741741500.0,0,20700,12,2,False
249,750DAL11,66833,DAL,1,2025-03-11,2025-03-11,1741710600.0,1741737600.0,0,27000,11,2,False
250,175OAK11,66834,OAK,1,2025-03-11,2025-03-11,1741709700.0,1741739100.0,0,29400,9,4,False
251,290DAL11,66835,DAL,1,2025-03-11,2025-03-11,1741708800.0,1741742100.0,0,33300,11,4,False
252,280DAL11,66836,DAL,2,2025-03-11,2025-03-12,1741691700.0,1741836000.0,1,30300,6,3,False
253,624LAS11,66837,LAS,1,2025-03-11,2025-03-11,1741717800.0,1741746000.0,0,28200,11,4,False
254,101LAS11,66838,LAS,1,2025-03-11,2025-03-11,1741698000.0,1741729200.0,0,31200,6,4,False
255,109LAS11,66839,LAS,1,2025-03-11,2025-03-11,1741726200.0,1741753800.0,0,27600,13,4,False
256,400SCF11,66840,SCF,1,2025-03-11,2025-03-11,1741699800.0,1741731900.0,0,32100,6,4,False
257,472SCF11,66841,SCF,1,2025-03-11,2025-03-11,1741708200.0,1741743900.0,0,35700,8,4,False
258,654LAS11,66842,LAS,1,2025-03-11,2025-03-11,1741702200.0,1741720200.0,0,18000,7,2,False
259,176BUR11,66843,BUR,1,2025-03-11,2025-03-11,1741734300.0,1741751400.0,0,17100,16,2,False
260,490SCF11,66844,SCF,1,2025-03-11,2025-03-11,1741711500.0,1741746300.0,0,34800,9,4,False
261,170BUR12,66845,BUR,1,2025-03-12,2025-03-12,1741785300.0,1741812900.0,0,27600,6,4,False
262,624LAS12,66846,LAS,1,2025-03-12,2025-03-12,1741804200.0,1741832400.0,0,28200,11,4,False
263,750DAL12,66847,DAL,1,2025-03-12,2025-03-12,1741797000.0,1741824000.0,0,27000,11,2,False
264,280DAL12,66848,DAL,2,2025-03-12,2025-03-13,1741778100.0,1741922400.0,1,30300,6,3,False
265,290DAL12,66849,DAL,1,2025-03-12,2025-03-12,1741795200.0,1741828500.0,0,33300,11,4,False
266,101LAS12,66850,LAS,1,2025-03-12,2025-03-12,1741784400.0,1741815600.0,0,31200,6,4,False
267,109LAS12,66851,LAS,1,2025-03-12,2025-03-12,1741812600.0,1741840200.0,0,27600,13,4,False
268,654LAS12,66852,LAS,1,2025-03-12,2025-03-12,1741788600.0,1741806600.0,0,18000,7,2,False
269,490SCF12,66853,SCF,1,2025-03-12,2025-03-12,1741797900.0,1741832700.0,0,34800,9,4,False
270,175OAK12,66854,OAK,1,2025-03-12,2025-03-12,1741796100.0,1741825500.0,0,29400,9,4,False
271,176BUR12,66855,BUR,1,2025-03-12,2025-03-12,1741820700.0,1741837800.0,0,17100,16,2,False
272,760BUR12,66856,BUR,1,2025-03-12,2025-03-12,1741807200.0,1741827900.0,0,20700,12,2,False
273,108BUR12,66857,BUR,1,2025-03-12,2025-03-12,1741809300.0,1741841100.0,0,31800,12,4,False
274,400SCF12,66858,SCF,1,2025-03-12,2025-03-12,1741786200.0,1741818300.0,0,32100,6,4,False
275,472SCF12,66859,SCF,1,2025-03-12,2025-03-12,1741794600.0,1741830300.0,0,35700,8,4,False
276,290DAL13,66860,DAL,1,2025-03-13,2025-03-13,1741881600.0,1741914900.0,0,33300,11,4,False
277,900DAL13,66861,DAL,1,2025-03-13,2025-03-13,1741863600.0,1741903200.0,0,39600,6,4,False
278,302LAS13,66862,LAS,1,2025-03-13,2025-03-13,1741886100.0,1741915800.0,0,29700,10,4,False
279,750DAL13,66863,DAL,1,2025-03-13,2025-03-13,1741870800.0,1741910400.0,0,39600,8,4,False
280,300LAS13,66864,LAS,1,2025-03-13,2025-03-13,1741874400.0,1741905000.0,0,30600,7,4,False
281,100BUR13,66865,BUR,1,2025-03-13,2025-03-13,1741870800.0,1741898100.0,0,27300,6,4,False
282,141BUR13,66866,BUR,1,2025-03-13,2025-03-13,1741891800.0,1741924200.0,0,32400,11,4,False
283,470SCF13,66867,SCF,1,2025-03-13,2025-03-13,1741873800.0,1741911900.0,0,38100,6,4,False
284,460OAK13,66868,OAK,1,2025-03-13,2025-03-13,1741879200.0,1741914600.0,0,35400,8,4,False
285,170BUR13,66869,BUR,2,2025-03-13,2025-03-14,1741871700.0,1742013900.0,1,35100,6,5,False
286,408SCF13,66870,SCF,1,2025-03-13,2025-03-13,1741909800.0,1741925400.0,0,15600,16,2,False
287,175OAK13,66871,OAK,1,2025-03-13,2025-03-13,1741882500.0,1741911900.0,0,29400,9,4,False
288,476SCF13,66872,SCF,1,2025-03-13,2025-03-13,1741877100.0,1741905600.0,0,28500,7,4,False
289,108BUR13,66873,BUR,1,2025-03-13,2025-03-13,1741899300.0,1741927500.0,0,28200,13,4,False
290,109LAS13,66874,LAS,1,2025-03-13,2025-03-13,1741902000.0,1741929300.0,0,27300,14,4,False
291,620LAS13,66875,LAS,1,2025-03-13,2025-03-13,1741881600.0,1741918200.0,0,36600,9,4,False
292,490SCF13,66876,SCF,1,2025-03-13,2025-03-13,1741884300.0,1741917300.0,0,33000,9,4,False
293,654LAS13,66877,LAS,1,2025-03-13,2025-03-13,1741879200.0,1741912500.0,0,33300,8,4,False
294,120BUR13,66878,BUR,1,2025-03-13,2025-03-13,1741896600.0,1741912800.0,0,16200,13,2,False
295,404SCF13,66879,SCF,1,2025-03-13,2025-03-13,1741888800.0,1741922100.0,0,33300,11,4,False
296,201LAS13,66880,LAS,1,2025-03-13,2025-03-13,1741885200.0,1741914600.0,0,29400,10,2,False
297,720SNA13,66881,SNA,1,2025-03-13,2025-03-13,1741881600.0,1741913700.0,0,32100,9,4,False
298,322LAS13,66882,LAS,1,2025-03-13,2025-03-13,1741896000.0,1741911600.0,0,15600,13,2,False
299,101LAS13,66883,LAS,1,2025-03-13,2025-03-13,1741870800.0,1741899300.0,0,28500,6,4,False
300,320LAS13,66884,LAS,1,2025-03-13,2025-03-13,1741883400.0,1741912800.0,0,29400,9,4,False
301,280DAL13,66885,DAL,2,2025-03-13,2025-03-14,1741864500.0,1741996800.0,1,37500,6,4,False
302,904BUR13,66886,BUR,1,2025-03-13,2025-03-13,1741873500.0,1741908900.0,0,35400,6,4,False
303,775BUR13,66887,BUR,1,2025-03-13,2025-03-13,1741878900.0,1741914300.0,0,35400,8,4,False
304,400SCF13,66888,SCF,1,2025-03-13,2025-03-13,1741872600.0,1741904700.0,0,32100,6,4,False
305,720SNA14,66889,SNA,1,2025-03-14,2025-03-14,1741968000.0,1742000100.0,0,32100,9,4,False
306,322LAS14,66890,LAS,1,2025-03-14,2025-03-14,1741982400.0,1742013000.0,0,30600,13,4,False
307,302LAS14,66891,LAS,1,2025-03-14,2025-03-14,1741972500.0,1742001300.0,0,28800,10,4,False
308,620LAS14,66892,LAS,1,2025-03-14,2025-03-14,1741967100.0,1742002800.0,0,35700,8,4,False
309,320LAS14,66893,LAS,1,2025-03-14,2025-03-14,1741969800.0,1742002200.0,0,32400,9,4,False
310,490SCF14,66894,SCF,1,2025-03-14,2025-03-14,1741970700.0,1742003700.0,0,33000,9,4,False
311,400SCF14,66895,SCF,1,2025-03-14,2025-03-14,1741959000.0,1741991100.0,0,32100,6,4,False
312,460OAK14,66896,OAK,1,2025-03-14,2025-03-14,1741965600.0,1742001000.0,0,35400,8,4,False
313,470SCF14,66897,SCF,1,2025-03-14,2025-03-14,1741960200.0,1741998300.0,0,38100,6,4,False
314,476SCF14,66898,SCF,1,2025-03-14,2025-03-14,1741963500.0,1741992000.0,0,28500,7,4,False
315,408SCF14,66899,SCF,1,2025-03-14,2025-03-14,1741996200.0,1742011800.0,0,15600,16,2,False
316,654LAS14,66900,LAS,1,2025-03-14,2025-03-14,1741965600.0,1741998900.0,0,33300,8,4,False
317,900DAL14,66901,DAL,1,2025-03-14,2025-03-14,1741950000.0,1741989600.0,0,39600,6,4,False
318,775BUR14,66902,BUR,1,2025-03-14,2025-03-14,1741965300.0,1742000700.0,0,35400,8,4,False
319,404SCF14,66903,SCF,1,2025-03-14,2025-03-14,1741975200.0,1742008500.0,0,33300,11,4,False
320,750DAL14,66904,DAL,1,2025-03-14,2025-03-14,1741957200.0,1741996800.0,0,39600,8,4,False
321,280DAL14,66905,DAL,2,2025-03-14,2025-03-15,1741950900.0,1742096100.0,1,30600,6,3,False
322,904BUR14,66906,BUR,1,2025-03-14,2025-03-14,1741959900.0,1741999200.0,0,39300,6,4,False
323,300LAS14,66907,LAS,1,2025-03-14,2025-03-14,1741960800.0,1741991400.0,0,30600,7,4,False
324,1090DAL14,66908,DAL,1,2025-03-14,2025-03-14,1741961100.0,1741991100.0,0,30000,9,2,False
325,170BUR14,66909,BUR,2,2025-03-14,2025-03-15,1741958100.0,1742085000.0,1,37800,6,5,False
326,141BUR14,66910,BUR,1,2025-03-14,2025-03-14,1741978200.0,1742010600.0,0,32400,11,4,False
327,201LAS14,66911,LAS,1,2025-03-14,2025-03-14,1741971600.0,1742001000.0,0,29400,10,2,False
328,100BUR14,66912,BUR,1,2025-03-14,2025-03-14,1741957200.0,1741984500.0,0,27300,6,4,False
329,101LAS14,66913,LAS,1,2025-03-14,2025-03-14,1741957200.0,1741985700.0,0,28500,6,4,False
330,109LAS14,66914,LAS,1,2025-03-14,2025-03-14,1741988400.0,1742015700.0,0,27300,14,4,False
331,123LAS14,66915,LAS,1,2025-03-14,2025-03-14,1741970700.0,1741999200.0,0,28500,9,4,False
332,175OAK14,66916,OAK,1,2025-03-14,2025-03-14,1741968900.0,1741998300.0,0,29400,9,4,False
333,286DAL14,66917,DAL,1,2025-03-14,2025-03-14,1741986600.0,1742001900.0,0,15300,16,2,False
334,114BUR15,66918,BUR,1,2025-03-15,2025-03-15,1742058000.0,1742089200.0,0,31200,10,4,False
335,308LAS15,66919,LAS,1,2025-03-15,2025-03-15,1742062800.0,1742090400.0,0,27600,11,4,False
336,496DAL15,66920,DAL,1,2025-03-15,2025-03-15,1742041800.0,1742068500.0,0,26700,7,2,False
337,504DAL15,66921,DAL,1,2025-03-15,2025-03-15,1742042700.0,1742064900.0,0,22200,7,2,False
338,520DAL15,66922,DAL,1,2025-03-15,2025-03-15,1742065500.0,1742087100.0,0,21600,14,2,False
339,490SCF15,66923,SCF,1,2025-03-15,2025-03-15,1742057100.0,1742091900.0,0,34800,9,4,False
340,476SCF15,66924,SCF,1,2025-03-15,2025-03-15,1742067900.0,1742083500.0,0,15600,12,2,False
341,400SCF15,66925,SCF,2,2025-03-15,2025-03-16,1742045400.0,1742184600.0,1,34800,6,4,False
342,202DAL15,66926,DAL,2,2025-03-15,2025-03-16,1742051400.0,1742181600.0,1,35100,10,4,False
343,175OAK15,66927,OAK,1,2025-03-15,2025-03-15,1742061600.0,1742091600.0,0,30000,11,4,False
344,171OAK15,66928,OAK,1,2025-03-15,2025-03-15,1742048100.0,1742064600.0,0,16500,7,2,False
345,470SCF15,66929,SCF,1,2025-03-15,2025-03-15,1742046600.0,1742084700.0,0,38100,6,4,False
346,280DAL15,66930,DAL,1,2025-03-15,2025-03-15,1742040900.0,1742069700.0,0,28800,7,4,False
347,760BUR15,66931,BUR,1,2025-03-15,2025-03-15,1742066400.0,1742100300.0,0,33900,12,4,False
348,302LAS15,66932,LAS,1,2025-03-15,2025-03-15,1742058900.0,1742088600.0,0,29700,10,4,False
349,722SNA15,66933,SNA,1,2025-03-15,2025-03-15,1742061000.0,1742093100.0,0,32100,10,4,False
350,106BUR15,66934,BUR,1,2025-03-15,2025-03-15,1742060700.0,1742087400.0,0,26700,10,4,False
351,1096DAL15,66935,DAL,1,2025-03-15,2025-03-15,1742061900.0,1742091900.0,0,30000,13,2,False
352,654LAS15,66936,LAS,1,2025-03-15,2025-03-15,1742052000.0,1742083200.0,0,31200,8,4,False
353,100BUR15,66937,BUR,2,2025-03-15,2025-03-16,1742043600.0,1742186100.0,1,23700,6,3,False
354,1092DAL15,66938,DAL,1,2025-03-15,2025-03-15,1742047500.0,1742077500.0,0,30000,9,2,False
355,171OAK16,66939,OAK,1,2025-03-16,2025-03-16,1742133600.0,1742151000.0,0,17400,7,2,False
356,300LAS16,66940,LAS,1,2025-03-16,2025-03-16,1742133600.0,1742164200.0,0,30600,7,4,False
357,760BUR16,66941,BUR,1,2025-03-16,2025-03-16,1742152800.0,1742186700.0,0,33900,12,4,False
358,470SCF16,66942,SCF,2,2025-03-16,2025-03-17,1742133000.0,1742271000.0,1,34800,6,4,False
359,1092DAL16,66943,DAL,1,2025-03-16,2025-03-16,1742134200.0,1742164200.0,0,30000,9,2,False
360,460OAK16,66944,OAK,1,2025-03-16,2025-03-16,1742138400.0,1742173800.0,0,35400,8,4,False
361,104BUR16,66945,BUR,1,2025-03-16,2025-03-16,1742144700.0,1742173800.0,0,29100,10,4,False
362,775BUR16,66946,BUR,1,2025-03-16,2025-03-16,1742138100.0,1742168400.0,0,30300,8,4,False
363,302LAS16,66947,LAS,1,2025-03-16,2025-03-16,1742145300.0,1742175000.0,0,29700,10,4,False
364,400SCF16,66948,SCF,1,2025-03-16,2025-03-16,1742131800.0,1742163900.0,0,32100,6,4,False
365,750DAL16,66949,DAL,1,2025-03-16,2025-03-16,1742130000.0,1742169600.0,0,39600,8,4,False
366,100BUR16,66950,BUR,2,2025-03-16,2025-03-17,1742130000.0,1742258400.0,1,38400,6,5,False
367,201LAS16,66951,LAS,1,2025-03-16,2025-03-16,1742144400.0,1742173800.0,0,29400,10,2,False
368,101LAS16,66952,LAS,1,2025-03-16,2025-03-16,1742130000.0,1742158500.0,0,28500,6,4,False
369,175OAK16,66953,OAK,1,2025-03-16,2025-03-16,1742147100.0,1742176500.0,0,29400,10,4,False
370,1094DAL16,66954,DAL,1,2025-03-16,2025-03-16,1742128800.0,1742158800.0,0,30000,7,2,False
371,720SNA16,66955,SNA,1,2025-03-16,2025-03-16,1742140800.0,1742172900.0,0,32100,9,4,False
372,404SCF16,66956,SCF,1,2025-03-16,2025-03-16,1742148000.0,1742181300.0,0,33300,11,4,False
373,504DAL16,66957,DAL,1,2025-03-16,2025-03-16,1742156100.0,1742178300.0,0,22200,15,2,False
374,494DAL16,66958,DAL,1,2025-03-16,2025-03-16,1742151600.0,1742178900.0,0,27300,14,2,False
375,490SCF16,66959,SCF,1,2025-03-16,2025-03-16,1742143500.0,1742176500.0,0,33000,9,4,False
376,286DAL16,66960,DAL,1,2025-03-16,2025-03-16,1742163300.0,1742178600.0,0,15300,17,2,False
377,620LAS16,66961,LAS,1,2025-03-16,2025-03-16,1742139900.0,1742175600.0,0,35700,8,4,False
378,904BUR16,66962,BUR,1,2025-03-16,2025-03-16,1742139900.0,1742175600.0,0,35700,8,4,False
379,520DAL16,66963,DAL,1,2025-03-16,2025-03-16,1742130900.0,1742152500.0,0,21600,8,2,False
380,109LAS16,66964,LAS,1,2025-03-16,2025-03-16,1742161200.0,1742188500.0,0,27300,14,4,False
381,900DAL16,66965,DAL,1,2025-03-16,2025-03-16,1742136600.0,1742176200.0,0,39600,9,4,False
382,476SCF16,66966,SCF,1,2025-03-16,2025-03-16,1742136300.0,1742164800.0,0,28500,7,4,False
383,654LAS16,66967,LAS,1,2025-03-16,2025-03-16,1742138400.0,1742172300.0,0,33900,8,4,False
384,280DAL16,66968,DAL,1,2025-03-16,2025-03-16,1742127300.0,1742142600.0,0,15300,7,2,False
385,119LAS16,66969,LAS,1,2025-03-16,2025-03-16,1742143500.0,1742172000.0,0,28500,9,4,False
386,320LAS16,66970,LAS,1,2025-03-16,2025-03-16,1742142600.0,1742170800.0,0,28200,9,4,False
387,128LAS16,66971,LAS,1,2025-03-16,2025-03-16,1742158200.0,1742185800.0,0,27600,13,4,False
388,775BUR17,66972,BUR,1,2025-03-17,2025-03-17,1742224500.0,1742259900.0,0,35400,8,4,False
389,750DAL17,66973,DAL,1,2025-03-17,2025-03-17,1742216400.0,1742256000.0,0,39600,8,4,False
390,109LAS17,66974,LAS,1,2025-03-17,2025-03-17,1742247600.0,1742274900.0,0,27300,14,4,False
391,201LAS17,66975,LAS,1,2025-03-17,2025-03-17,1742230800.0,1742260200.0,0,29400,10,2,False
392,141BUR17,66976,BUR,1,2025-03-17,2025-03-17,1742237400.0,1742269800.0,0,32400,11,4,False
393,620LAS17,66977,LAS,1,2025-03-17,2025-03-17,1742226300.0,1742262000.0,0,35700,8,4,False
394,100BUR17,66978,BUR,1,2025-03-17,2025-03-17,1742216400.0,1742243700.0,0,27300,6,4,False
395,470SCF17,66979,SCF,2,2025-03-17,2025-03-18,1742219400.0,1742336700.0,1,35400,6,4,False
396,400SCF17,66980,SCF,1,2025-03-17,2025-03-17,1742218200.0,1742250300.0,0,32100,6,4,False
397,101LAS17,66981,LAS,2,2025-03-17,2025-03-18,1742216400.0,1742337300.0,1,33600,6,5,False
398,404SCF17,66982,SCF,1,2025-03-17,2025-03-17,1742234400.0,1742267700.0,0,33300,11,4,False
399,490SCF17,66983,SCF,1,2025-03-17,2025-03-17,1742229900.0,1742262900.0,0,33000,9,4,False
400,650LAS17,66984,LAS,1,2025-03-17,2025-03-17,1742239800.0,1742258100.0,0,18300,12,2,False
401,170BUR17,66985,BUR,1,2025-03-17,2025-03-17,1742217300.0,1742247600.0,0,30300,6,4,False
402,460OAK17,66986,OAK,1,2025-03-17,2025-03-17,1742224800.0,1742260200.0,0,35400,8,4,False
403,720SNA17,66987,SNA,1,2025-03-17,2025-03-17,1742227200.0,1742259300.0,0,32100,9,4,False
404,108BUR17,66988,BUR,1,2025-03-17,2025-03-17,1742244900.0,1742273100.0,0,28200,13,4,False
405,476SCF17,66989,SCF,1,2025-03-17,2025-03-17,1742222700.0,1742251200.0,0,28500,7,4,False
406,175OAK17,66990,OAK,1,2025-03-17,2025-03-17,1742228100.0,1742257500.0,0,29400,9,4,False
407,102BUR17,66991,BUR,2,2025-03-17,2025-03-18,1742222400.0,1742359500.0,1,34800,7,5,False
408,302LAS17,66992,LAS,1,2025-03-17,2025-03-17,1742231700.0,1742261400.0,0,29700,10,4,False
409,900DAL17,66993,DAL,1,2025-03-17,2025-03-17,1742223000.0,1742262600.0,0,39600,9,4,False
410,280DAL17,66994,DAL,2,2025-03-17,2025-03-18,1742210100.0,1742354400.0,1,30300,6,3,False
411,320LAS17,66995,LAS,1,2025-03-17,2025-03-17,1742229000.0,1742258400.0,0,29400,9,4,False
412,290DAL17,66996,DAL,1,2025-03-17,2025-03-17,1742227200.0,1742260500.0,0,33300,11,4,False
413,624LAS18,66997,LAS,1,2025-03-18,2025-03-18,1742322600.0,1742350800.0,0,28200,11,4,False
414,290DAL18,66998,DAL,1,2025-03-18,2025-03-18,1742313600.0,1742346900.0,0,33300,11,4,False
415,280DAL18,66999,DAL,2,2025-03-18,2025-03-19,1742296500.0,1742440800.0,1,30300,6,3,False
416,472SCF18,67000,SCF,1,2025-03-18,2025-03-18,1742313000.0,1742348700.0,0,35700,8,4,False
417,750DAL18,67001,DAL,1,2025-03-18,2025-03-18,1742315400.0,1742342400.0,0,27000,11,2,False
418,175OAK18,67002,OAK,1,2025-03-18,2025-03-18,1742314500.0,1742343900.0,0,29400,9,4,False
419,760BUR18,67003,BUR,1,2025-03-18,2025-03-18,1742325600.0,1742346300.0,0,20700,12,2,False
420,109LAS18,67004,LAS,1,2025-03-18,2025-03-18,1742331000.0,1742358600.0,0,27600,13,4,False
421,490SCF18,67005,SCF,1,2025-03-18,2025-03-18,1742316300.0,1742351100.0,0,34800,9,4,False
422,400SCF18,67006,SCF,2,2025-03-18,2025-03-19,1742304600.0,1742423100.0,1,29700,6,3,False
423,101LAS18,67007,LAS,1,2025-03-18,2025-03-18,1742302800.0,1742334000.0,0,31200,6,4,False
424,176BUR18,67008,BUR,1,2025-03-18,2025-03-18,1742339100.0,1742356200.0,0,17100,16,2,False
425,750DAL19,67009,DAL,1,2025-03-19,2025-03-19,1742401800.0,1742428800.0,0,27000,11,2,False
426,176BUR19,67010,BUR,1,2025-03-19,2025-03-19,1742425500.0,1742442600.0,0,17100,16,2,False
427,175OAK19,67011,OAK,1,2025-03-19,2025-03-19,1742400900.0,1742430300.0,0,29400,9,4,False
428,760BUR19,67012,BUR,1,2025-03-19,2025-03-19,1742412000.0,1742432700.0,0,20700,12,2,False
429,290DAL19,67013,DAL,1,2025-03-19,2025-03-19,1742400000.0,1742433300.0,0,33300,11,4,False
430,101LAS19,67014,LAS,1,2025-03-19,2025-03-19,1742389200.0,1742420400.0,0,31200,6,4,False
431,624LAS19,67015,LAS,1,2025-03-19,2025-03-19,1742409000.0,1742437200.0,0,28200,11,4,False
432,280DAL19,67016,DAL,2,2025-03-19,2025-03-20,1742382900.0,1742527200.0,1,30300,6,3,False
433,108BUR19,67017,BUR,1,2025-03-19,2025-03-19,1742414100.0,1742445900.0,0,31800,12,4,False
434,170BUR19,67018,BUR,1,2025-03-19,2025-03-19,1742390100.0,1742417700.0,0,27600,6,4,False
435,490SCF19,67019,SCF,1,2025-03-19,2025-03-19,1742402700.0,1742437500.0,0,34800,9,4,False
436,400SCF19,67020,SCF,2,2025-03-19,2025-03-20,1742391000.0,1742530200.0,1,34800,6,4,False
437,472SCF19,67021,SCF,1,2025-03-19,2025-03-19,1742399400.0,1742435100.0,0,35700,8,4,False
438,109LAS19,67022,LAS,1,2025-03-19,2025-03-19,1742417400.0,1742445000.0,0,27600,13,4,False
439,109LAS20,67023,LAS,1,2025-03-20,2025-03-20,1742506800.0,1742534100.0,0,27300,14,4,False
440,460OAK20,67024,OAK,1,2025-03-20,2025-03-20,1742484000.0,1742519400.0,0,35400,8,4,False
441,620LAS20,67025,LAS,1,2025-03-20,2025-03-20,1742486400.0,1742523000.0,0,36600,9,4,False
442,108BUR20,67026,BUR,1,2025-03-20,2025-03-20,1742504100.0,1742532300.0,0,28200,13,4,False
443,170BUR20,67027,BUR,2,2025-03-20,2025-03-21,1742476500.0,1742605500.0,1,30000,6,3,False
444,654LAS20,67028,LAS,1,2025-03-20,2025-03-20,1742484000.0,1742517300.0,0,33300,8,4,False
445,720SNA20,67029,SNA,1,2025-03-20,2025-03-20,1742486400.0,1742518500.0,0,32100,9,4,False
446,775BUR20,67030,BUR,1,2025-03-20,2025-03-20,1742483700.0,1742519100.0,0,35400,8,4,False
447,280DAL20,67031,DAL,2,2025-03-20,2025-03-21,1742469300.0,1742602200.0,1,37500,6,4,False
448,476SCF20,67032,SCF,1,2025-03-20,2025-03-20,1742481900.0,1742510400.0,0,28500,7,4,False
449,101LAS20,67033,LAS,1,2025-03-20,2025-03-20,1742475600.0,1742504100.0,0,28500,6,4,False
450,120BUR20,67034,BUR,1,2025-03-20,2025-03-20,1742501400.0,1742517600.0,0,16200,13,2,False
451,750DAL20,67035,DAL,1,2025-03-20,2025-03-20,1742475600.0,1742515200.0,0,39600,8,4,False
452,100BUR20,67036,BUR,1,2025-03-20,2025-03-20,1742475600.0,1742502900.0,0,27300,6,4,False
453,201LAS20,67037,LAS,1,2025-03-20,2025-03-20,1742490000.0,1742519400.0,0,29400,10,2,False
454,490SCF20,67038,SCF,1,2025-03-20,2025-03-20,1742489100.0,1742522100.0,0,33000,9,4,False
455,904BUR20,67039,BUR,1,2025-03-20,2025-03-20,1742478300.0,1742513700.0,0,35400,6,4,False
456,300LAS20,67040,LAS,1,2025-03-20,2025-03-20,1742479200.0,1742509800.0,0,30600,7,4,False
457,400SCF20,67041,SCF,1,2025-03-20,2025-03-20,1742477400.0,1742509500.0,0,32100,6,4,False
458,302LAS20,67042,LAS,1,2025-03-20,2025-03-20,1742490900.0,1742520600.0,0,29700,10,4,False
459,290DAL20,67043,DAL,1,2025-03-20,2025-03-20,1742486400.0,1742519700.0,0,33300,11,4,False
460,900DAL20,67044,DAL,1,2025-03-20,2025-03-20,1742468400.0,1742508000.0,0,39600,6,4,False
461,141BUR20,67045,BUR,1,2025-03-20,2025-03-20,1742496600.0,1742529000.0,0,32400,11,4,False
462,470SCF20,67046,SCF,2,2025-03-20,2025-03-21,1742478600.0,1742607600.0,1,37800,6,4,False
463,175OAK20,67047,OAK,1,2025-03-20,2025-03-20,1742487300.0,1742516700.0,0,29400,9,4,False
464,404SCF20,67048,SCF,1,2025-03-20,2025-03-20,1742493600.0,1742526900.0,0,33300,11,4,False
465,320LAS20,67049,LAS,1,2025-03-20,2025-03-20,1742488200.0,1742517600.0,0,29400,9,4,False
466,490SCF21,67050,SCF,1,2025-03-21,2025-03-21,1742575500.0,1742608500.0,0,33000,9,4,False
467,206DAL21,67051,DAL,2,2025-03-21,2025-03-22,1742574900.0,1742700900.0,1,32100,11,3,False
468,470SCF21,67052,SCF,1,2025-03-21,2025-03-21,1742565000.0,1742603100.0,0,38100,6,4,False
469,900DAL21,67053,DAL,1,2025-03-21,2025-03-21,1742554800.0,1742594400.0,0,39600,6,4,False
470,460OAK21,67054,OAK,1,2025-03-21,2025-03-21,1742570400.0,1742605800.0,0,35400,8,4,False
471,904BUR21,67055,BUR,1,2025-03-21,2025-03-21,1742564700.0,1742588700.0,0,24000,6,2,False
472,320LAS21,67056,LAS,1,2025-03-21,2025-03-21,1742574600.0,1742602800.0,0,28200,9,4,False
473,620LAS21,67057,LAS,1,2025-03-21,2025-03-21,1742571900.0,1742607600.0,0,35700,8,4,False
474,476SCF21,67058,SCF,1,2025-03-21,2025-03-21,1742568300.0,1742596800.0,0,28500,7,4,False
475,141BUR21,67059,BUR,1,2025-03-21,2025-03-21,1742583000.0,1742615400.0,0,32400,11,4,False
476,280DAL21,67060,DAL,2,2025-03-21,2025-03-22,1742555700.0,1742691000.0,1,34200,6,3,False
477,404SCF21,67061,SCF,1,2025-03-21,2025-03-21,1742580000.0,1742613300.0,0,33300,11,4,False
478,720SNA21,67062,SNA,1,2025-03-21,2025-03-21,1742572800.0,1742604900.0,0,32100,9,4,False
479,101LAS21,67063,LAS,1,2025-03-21,2025-03-21,1742562000.0,1742590500.0,0,28500,6,4,False
480,775BUR21,67064,BUR,1,2025-03-21,2025-03-21,1742570100.0,1742604000.0,0,33900,8,4,False
481,750DAL21,67065,DAL,1,2025-03-21,2025-03-21,1742562000.0,1742601600.0,0,39600,8,4,False
482,408SCF21,67066,SCF,1,2025-03-21,2025-03-21,1742601000.0,1742616600.0,0,15600,16,2,False
483,654LAS21,67067,LAS,1,2025-03-21,2025-03-21,1742570400.0,1742603700.0,0,33300,8,4,False
484,300LAS21,67068,LAS,1,2025-03-21,2025-03-21,1742565600.0,1742596200.0,0,30600,7,4,False
485,302LAS21,67069,LAS,1,2025-03-21,2025-03-21,1742577300.0,1742606100.0,0,28800,10,4,False
486,400SCF21,67070,SCF,1,2025-03-21,2025-03-21,1742563800.0,1742595900.0,0,32100,6,4,False
487,170BUR21,67071,BUR,1,2025-03-21,2025-03-21,1742562900.0,1742593200.0,0,30300,6,4,False
488,286DAL21,67072,DAL,1,2025-03-21,2025-03-21,1742591400.0,1742606700.0,0,15300,16,2,False
489,109LAS21,67073,LAS,1,2025-03-21,2025-03-21,1742593200.0,1742620500.0,0,27300,14,4,False
490,201LAS21,67074,LAS,1,2025-03-21,2025-03-21,1742576400.0,1742605800.0,0,29400,10,2,False
491,100BUR21,67075,BUR,1,2025-03-21,2025-03-21,1742562000.0,1742589300.0,0,27300,6,4,False
492,108BUR21,67076,BUR,1,2025-03-21,2025-03-21,1742590500.0,1742618700.0,0,28200,13,4,False
493,310LAS21,67077,LAS,1,2025-03-21,2025-03-21,1742588100.0,1742617800.0,0,29700,13,4,False
494,175OAK21,67078,OAK,1,2025-03-21,2025-03-21,1742573700.0,1742603100.0,0,29400,9,4,False
495,300LAS22,67079,LAS,1,2025-03-22,2025-03-22,1742652000.0,1742688000.0,0,36000,7,4,False
496,280DAL22,67080,DAL,2,2025-03-22,2025-03-23,1742645700.0,1742786400.0,1,32100,7,3,False
497,114BUR22,67081,BUR,1,2025-03-22,2025-03-22,1742662800.0,1742694000.0,0,31200,10,4,False
498,100BUR22,67082,BUR,1,2025-03-22,2025-03-22,1742648400.0,1742675700.0,0,27300,6,4,False
499,490SCF22,67083,SCF,1,2025-03-22,2025-03-22,1742661900.0,1742696700.0,0,34800,9,4,False
500,1096DAL22,67084,DAL,1,2025-03-22,2025-03-22,1742666700.0,1742696700.0,0,30000,13,2,False
501,722SNA22,67085,SNA,1,2025-03-22,2025-03-22,1742665800.0,1742697900.0,0,32100,10,4,False
502,400SCF22,67086,SCF,2,2025-03-22,2025-03-23,1742650200.0,1742789400.0,1,34800,6,4,False
503,476SCF22,67087,SCF,1,2025-03-22,2025-03-22,1742672700.0,1742688300.0,0,15600,12,2,False
504,308LAS22,67088,LAS,1,2025-03-22,2025-03-22,1742667600.0,1742695200.0,0,27600,11,4,False
505,302LAS22,67089,LAS,1,2025-03-22,2025-03-22,1742663700.0,1742693400.0,0,29700,10,4,False
506,496DAL22,67090,DAL,1,2025-03-22,2025-03-22,1742646600.0,1742673300.0,0,26700,7,2,False
507,1094DAL22,67091,DAL,1,2025-03-22,2025-03-22,1742652600.0,1742682600.0,0,30000,9,2,False
508,106BUR22,67092,BUR,1,2025-03-22,2025-03-22,1742665500.0,1742692200.0,0,26700,10,4,False
509,504DAL22,67093,DAL,1,2025-03-22,2025-03-22,1742647500.0,1742669700.0,0,22200,7,2,False
510,470SCF22,67094,SCF,1,2025-03-22,2025-03-22,1742651400.0,1742689500.0,0,38100,6,4,False
511,171OAK22,67095,OAK,2,2025-03-22,2025-03-23,1742652900.0,1742784600.0,1,35100,7,5,False
512,174BUR22,67096,BUR,2,2025-03-22,2025-03-23,1742673600.0,1742790900.0,1,25800,13,3,False
513,760BUR22,67097,BUR,1,2025-03-22,2025-03-22,1742671200.0,1742705100.0,0,33900,12,4,False
514,202DAL22,67098,DAL,2,2025-03-22,2025-03-23,1742656200.0,1742774400.0,1,27900,10,3,False
515,520DAL22,67099,DAL,1,2025-03-22,2025-03-22,1742670300.0,1742691900.0,0,21600,14,2,False
516,286DAL23,67100,DAL,1,2025-03-23,2025-03-23,1742768100.0,1742783400.0,0,15300,17,2,False
517,750DAL23,67101,DAL,2,2025-03-23,2025-03-24,1742734800.0,1742859000.0,1,34800,8,3,False
518,490SCF23,67102,SCF,1,2025-03-23,2025-03-23,1742748300.0,1742781300.0,0,33000,9,4,False
519,100BUR23,67103,BUR,1,2025-03-23,2025-03-23,1742734800.0,1742762100.0,0,27300,6,4,False
520,109LAS23,67104,LAS,1,2025-03-23,2025-03-23,1742766000.0,1742793300.0,0,27300,14,4,False
521,620LAS23,67105,LAS,1,2025-03-23,2025-03-23,1742744700.0,1742780400.0,0,35700,8,4,False
522,720SNA23,67106,SNA,1,2025-03-23,2025-03-23,1742745600.0,1742777700.0,0,32100,9,4,False
523,1094DAL23,67107,DAL,1,2025-03-23,2025-03-23,1742733600.0,1742763600.0,0,30000,7,2,False
524,300LAS23,67108,LAS,1,2025-03-23,2025-03-23,1742738400.0,1742769000.0,0,30600,7,4,False
525,104BUR23,67109,BUR,1,2025-03-23,2025-03-23,1742749500.0,1742778600.0,0,29100,10,4,False
526,520DAL23,67110,DAL,1,2025-03-23,2025-03-23,1742735700.0,1742757300.0,0,21600,8,2,False
527,904BUR23,67111,BUR,1,2025-03-23,2025-03-23,1742744700.0,1742780400.0,0,35700,8,4,False
528,504DAL23,67112,DAL,1,2025-03-23,2025-03-23,1742760900.0,1742783100.0,0,22200,15,2,False
529,654LAS23,67113,LAS,1,2025-03-23,2025-03-23,1742743200.0,1742777100.0,0,33900,8,4,False
530,302LAS23,67114,LAS,1,2025-03-23,2025-03-23,1742750100.0,1742778300.0,0,28200,10,4,False
531,900DAL23,67115,DAL,1,2025-03-23,2025-03-23,1742741400.0,1742781000.0,0,39600,9,4,False
532,101LAS23,67116,LAS,1,2025-03-23,2025-03-23,1742734800.0,1742763300.0,0,28500,6,4,False
533,320LAS23,67118,LAS,1,2025-03-23,2025-03-23,1742747400.0,1742779800.0,0,32400,9,4,False
534,280DAL23,67119,DAL,1,2025-03-23,2025-03-23,1742732100.0,1742747400.0,0,15300,7,2,False
535,476SCF23,67120,SCF,1,2025-03-23,2025-03-23,1742741100.0,1742769600.0,0,28500,7,4,False
536,775BUR23,67121,BUR,1,2025-03-23,2025-03-23,1742742900.0,1742773200.0,0,30300,8,4,False
537,460OAK23,67122,OAK,1,2025-03-23,2025-03-23,1742743200.0,1742778600.0,0,35400,8,4,False
538,470SCF23,67123,SCF,2,2025-03-23,2025-03-24,1742737800.0,1742875800.0,1,34800,6,4,False
539,206DAL23,67124,DAL,1,2025-03-23,2025-03-23,1742747700.0,1742777400.0,0,29700,11,2,False
540,760BUR23,67125,BUR,1,2025-03-23,2025-03-23,1742757600.0,1742791500.0,0,33900,12,4,False
541,404SCF23,67126,SCF,1,2025-03-23,2025-03-23,1742752800.0,1742786100.0,0,33300,11,4,False
542,171OAK23,67127,OAK,1,2025-03-23,2025-03-23,1742738400.0,1742768100.0,0,29700,7,4,False
543,201LAS23,67128,LAS,1,2025-03-23,2025-03-23,1742749200.0,1742778600.0,0,29400,10,2,False
544,400SCF23,67129,SCF,1,2025-03-23,2025-03-23,1742736600.0,1742768700.0,0,32100,6,4,False
545,119LAS23,67130,LAS,1,2025-03-23,2025-03-23,1742748300.0,1742776800.0,0,28500,9,4,False
546,170BUR24,67131,BUR,1,2025-03-24,2025-03-24,1742822100.0,1742852400.0,0,30300,6,4,False
547,460OAK24,67132,OAK,1,2025-03-24,2025-03-24,1742829600.0,1742865000.0,0,35400,8,4,False
548,300LAS24,67133,LAS,1,2025-03-24,2025-03-24,1742824800.0,1742855400.0,0,30600,7,4,False
549,175OAK24,67134,OAK,1,2025-03-24,2025-03-24,1742832900.0,1742862300.0,0,29400,9,4,False
550,109LAS24,67135,LAS,1,2025-03-24,2025-03-24,1742852400.0,1742879700.0,0,27300,14,4,False
551,404SCF24,67136,SCF,1,2025-03-24,2025-03-24,1742839200.0,1742872500.0,0,33300,11,4,False
552,290DAL24,67137,DAL,1,2025-03-24,2025-03-24,1742832000.0,1742865300.0,0,33300,11,4,False
553,620LAS24,67138,LAS,1,2025-03-24,2025-03-24,1742831100.0,1742866800.0,0,35700,8,4,False
554,400SCF24,67139,SCF,1,2025-03-24,2025-03-24,1742823000.0,1742855100.0,0,32100,6,4,False
555,650LAS24,67140,LAS,1,2025-03-24,2025-03-24,1742844600.0,1742862900.0,0,18300,12,2,False
556,280DAL24,67141,DAL,2,2025-03-24,2025-03-25,1742814900.0,1742959200.0,1,30300,6,3,False
557,775BUR24,67142,BUR,1,2025-03-24,2025-03-24,1742829300.0,1742864700.0,0,35400,8,4,False
558,120BUR24,67143,BUR,1,2025-03-24,2025-03-24,1742847000.0,1742863200.0,0,16200,13,2,False
559,302LAS24,67144,LAS,1,2025-03-24,2025-03-24,1742836500.0,1742866200.0,0,29700,10,4,False
560,201LAS24,67145,LAS,1,2025-03-24,2025-03-24,1742835600.0,1742865000.0,0,29400,10,2,False
561,490SCF24,67146,SCF,1,2025-03-24,2025-03-24,1742834700.0,1742867700.0,0,33000,9,4,False
562,100BUR24,67147,BUR,1,2025-03-24,2025-03-24,1742821200.0,1742848500.0,0,27300,6,4,False
563,900DAL24,67148,DAL,1,2025-03-24,2025-03-24,1742827800.0,1742867400.0,0,39600,9,4,False
564,476SCF24,67149,SCF,1,2025-03-24,2025-03-24,1742827500.0,1742856000.0,0,28500,7,4,False
565,470SCF24,67150,SCF,2,2025-03-24,2025-03-25,1742824200.0,1742941500.0,1,35400,6,4,False
566,102BUR24,67151,BUR,2,2025-03-24,2025-03-25,1742827200.0,1742964300.0,1,34800,7,5,False
567,101LAS24,67152,LAS,2,2025-03-24,2025-03-25,1742821200.0,1742942100.0,1,33600,6,5,False
568,720SNA24,67153,SNA,1,2025-03-24,2025-03-24,1742832000.0,1742864100.0,0,32100,9,4,False
569,750DAL24,67154,DAL,1,2025-03-24,2025-03-24,1742821200.0,1742860800.0,0,39600,8,4,False
570,320LAS24,67155,LAS,1,2025-03-24,2025-03-24,1742833800.0,1742863200.0,0,29400,9,4,False
571,141BUR24,67156,BUR,1,2025-03-24,2025-03-24,1742842200.0,1742874600.0,0,32400,11,4,False
572,290DAL25,67157,DAL,1,2025-03-25,2025-03-25,1742918400.0,1742951700.0,0,33300,11,4,False
573,175OAK25,67158,OAK,1,2025-03-25,2025-03-25,1742919300.0,1742948700.0,0,29400,9,4,False
574,624LAS25,67159,LAS,1,2025-03-25,2025-03-25,1742927400.0,1742955600.0,0,28200,11,4,False
575,750DAL25,67160,DAL,1,2025-03-25,2025-03-25,1742920200.0,1742947200.0,0,27000,11,2,False
576,101LAS25,67161,LAS,1,2025-03-25,2025-03-25,1742907600.0,1742938800.0,0,31200,6,4,False
577,472SCF25,67162,SCF,1,2025-03-25,2025-03-25,1742917800.0,1742953500.0,0,35700,8,4,False
578,280DAL25,67163,DAL,2,2025-03-25,2025-03-26,1742901300.0,1743045600.0,1,30300,6,3,False
579,400SCF25,67164,SCF,2,2025-03-25,2025-03-26,1742909400.0,1743027900.0,1,29700,6,3,False
580,490SCF25,67165,SCF,1,2025-03-25,2025-03-25,1742921100.0,1742955900.0,0,34800,9,4,False
581,176BUR25,67166,BUR,1,2025-03-25,2025-03-25,1742943900.0,1742961000.0,0,17100,16,2,False
582,760BUR25,67167,BUR,1,2025-03-25,2025-03-25,1742930400.0,1742951100.0,0,20700,12,2,False
583,109LAS25,67168,LAS,1,2025-03-25,2025-03-25,1742935800.0,1742963400.0,0,27600,13,4,False
584,750DAL26,67169,DAL,1,2025-03-26,2025-03-26,1743006600.0,1743033600.0,0,27000,11,2,False
585,400SCF26,67170,SCF,2,2025-03-26,2025-03-27,1742995800.0,1743135000.0,1,34800,6,4,False
586,176BUR26,67171,BUR,1,2025-03-26,2025-03-26,1743030300.0,1743047400.0,0,17100,16,2,False
587,101LAS26,67172,LAS,1,2025-03-26,2025-03-26,1742994000.0,1743025200.0,0,31200,6,4,False
588,175OAK26,67173,OAK,1,2025-03-26,2025-03-26,1743005700.0,1743035100.0,0,29400,9,4,False
589,290DAL26,67174,DAL,1,2025-03-26,2025-03-26,1743004800.0,1743038100.0,0,33300,11,4,False
590,170BUR26,67175,BUR,1,2025-03-26,2025-03-26,1742994900.0,1743022500.0,0,27600,6,4,False
591,472SCF26,67176,SCF,1,2025-03-26,2025-03-26,1743004200.0,1743039900.0,0,35700,8,4,False
592,280DAL26,67177,DAL,2,2025-03-26,2025-03-27,1742987700.0,1743132000.0,1,30300,6,3,False
593,624LAS26,67178,LAS,1,2025-03-26,2025-03-26,1743013800.0,1743042000.0,0,28200,11,4,False
594,109LAS26,67179,LAS,1,2025-03-26,2025-03-26,1743022200.0,1743049800.0,0,27600,13,4,False
595,760BUR26,67180,BUR,1,2025-03-26,2025-03-26,1743016800.0,1743037500.0,0,20700,12,2,False
596,490SCF26,67181,SCF,1,2025-03-26,2025-03-26,1743007500.0,1743042300.0,0,34800,9,4,False
597,108BUR26,67182,BUR,1,2025-03-26,2025-03-26,1743018900.0,1743050700.0,0,31800,12,4,False
598,470SCF27,67183,SCF,2,2025-03-27,2025-03-28,1743083400.0,1743212400.0,1,23100,6,3,False
599,101LAS27,67184,LAS,1,2025-03-27,2025-03-27,1743080400.0,1743108900.0,0,28500,6,4,False
600,302LAS27,67185,LAS,1,2025-03-27,2025-03-27,1743095700.0,1743125400.0,0,29700,10,4,False
601,300LAS27,67186,LAS,1,2025-03-27,2025-03-27,1743084000.0,1743114600.0,0,30600,7,4,False
602,460OAK27,67187,OAK,1,2025-03-27,2025-03-27,1743088800.0,1743124200.0,0,35400,8,4,False
603,900DAL27,67188,DAL,1,2025-03-27,2025-03-27,1743073200.0,1743112800.0,0,39600,6,4,False
604,141BUR27,67189,BUR,1,2025-03-27,2025-03-27,1743101400.0,1743133800.0,0,32400,11,4,False
605,201LAS27,67190,LAS,1,2025-03-27,2025-03-27,1743094800.0,1743124200.0,0,29400,10,2,False
606,490SCF27,67191,SCF,1,2025-03-27,2025-03-27,1743093900.0,1743126900.0,0,33000,9,4,False
607,100BUR27,67192,BUR,1,2025-03-27,2025-03-27,1743080400.0,1743107700.0,0,27300,6,4,False
608,904BUR27,67193,BUR,1,2025-03-27,2025-03-27,1743083100.0,1743118500.0,0,35400,6,4,False
609,280DAL27,67194,DAL,2,2025-03-27,2025-03-28,1743074100.0,1743205800.0,1,37500,6,4,False
610,400SCF27,67195,SCF,1,2025-03-27,2025-03-27,1743082200.0,1743114300.0,0,32100,6,4,False
611,775BUR27,67196,BUR,1,2025-03-27,2025-03-27,1743088500.0,1743123900.0,0,35400,8,4,False
612,120BUR27,67197,BUR,1,2025-03-27,2025-03-27,1743106200.0,1743122400.0,0,16200,13,2,False
613,476SCF27,67198,SCF,1,2025-03-27,2025-03-27,1743086700.0,1743115200.0,0,28500,7,4,False
614,750DAL27,67199,DAL,1,2025-03-27,2025-03-27,1743080400.0,1743120000.0,0,39600,8,4,False
615,720SNA27,67200,SNA,1,2025-03-27,2025-03-27,1743091200.0,1743123300.0,0,32100,9,4,False
616,320LAS27,67201,LAS,1,2025-03-27,2025-03-27,1743093000.0,1743122400.0,0,29400,9,4,False
617,620LAS27,67202,LAS,1,2025-03-27,2025-03-27,1743091200.0,1743127800.0,0,36600,9,4,False
618,170BUR27,67203,BUR,2,2025-03-27,2025-03-28,1743081300.0,1743210300.0,1,30000,6,3,False
619,175OAK27,67204,OAK,1,2025-03-27,2025-03-27,1743092100.0,1743121500.0,0,29400,9,4,False
620,654LAS27,67205,LAS,1,2025-03-27,2025-03-27,1743088800.0,1743122100.0,0,33300,8,4,False
621,322LAS27,67206,LAS,1,2025-03-27,2025-03-27,1743105600.0,1743121200.0,0,15600,13,2,False
622,109LAS27,67207,LAS,1,2025-03-27,2025-03-27,1743111600.0,1743138900.0,0,27300,14,4,False
623,108BUR27,67208,BUR,1,2025-03-27,2025-03-27,1743108900.0,1743137100.0,0,28200,13,4,False
624,404SCF27,67209,SCF,1,2025-03-27,2025-03-27,1743098400.0,1743131700.0,0,33300,11,4,False
625,290DAL27,67210,DAL,1,2025-03-27,2025-03-27,1743091200.0,1743124500.0,0,33300,11,4,False
626,750DAL28,67211,DAL,1,2025-03-28,2025-03-28,1743166800.0,1743206400.0,0,39600,8,4,False
627,900DAL28,67212,DAL,1,2025-03-28,2025-03-28,1743159600.0,1743199200.0,0,39600,6,4,False
628,775BUR28,67213,BUR,1,2025-03-28,2025-03-28,1743174900.0,1743208800.0,0,33900,8,4,False
629,904BUR28,67214,BUR,1,2025-03-28,2025-03-28,1743169500.0,1743193500.0,0,24000,6,2,False
630,175OAK28,67215,OAK,1,2025-03-28,2025-03-28,1743178500.0,1743207900.0,0,29400,9,4,False
631,490SCF28,67216,SCF,1,2025-03-28,2025-03-28,1743180300.0,1743213300.0,0,33000,9,4,False
632,310LAS28,67217,LAS,1,2025-03-28,2025-03-28,1743192900.0,1743222600.0,0,29700,13,4,False
633,170BUR28,67218,BUR,1,2025-03-28,2025-03-28,1743167700.0,1743198000.0,0,30300,6,4,False
634,302LAS28,67219,LAS,1,2025-03-28,2025-03-28,1743182100.0,1743210900.0,0,28800,10,4,False
635,141BUR28,67220,BUR,1,2025-03-28,2025-03-28,1743187800.0,1743220200.0,0,32400,11,4,False
636,201LAS28,67221,LAS,1,2025-03-28,2025-03-28,1743181200.0,1743210600.0,0,29400,10,2,False
637,476SCF28,67222,SCF,1,2025-03-28,2025-03-28,1743173100.0,1743201600.0,0,28500,7,4,False
638,300LAS28,67223,LAS,1,2025-03-28,2025-03-28,1743170400.0,1743201000.0,0,30600,7,4,False
639,286DAL28,67224,DAL,1,2025-03-28,2025-03-28,1743196200.0,1743211500.0,0,15300,16,2,False
640,280DAL28,67225,DAL,2,2025-03-28,2025-03-29,1743160500.0,1743295800.0,1,34200,6,3,False
641,460OAK28,67226,OAK,1,2025-03-28,2025-03-28,1743175200.0,1743210600.0,0,35400,8,4,False
642,206DAL28,67227,DAL,2,2025-03-28,2025-03-29,1743179700.0,1743305700.0,1,32100,11,3,False
643,470SCF28,67228,SCF,1,2025-03-28,2025-03-28,1743169800.0,1743207900.0,0,38100,6,4,False
644,408SCF28,67229,SCF,1,2025-03-28,2025-03-28,1743205800.0,1743221400.0,0,15600,16,2,False
645,320LAS28,67230,LAS,1,2025-03-28,2025-03-28,1743179400.0,1743207600.0,0,28200,9,4,False
646,620LAS28,67231,LAS,1,2025-03-28,2025-03-28,1743176700.0,1743212400.0,0,35700,8,4,False
647,404SCF28,67232,SCF,1,2025-03-28,2025-03-28,1743184800.0,1743218100.0,0,33300,11,4,False
648,109LAS28,67233,LAS,1,2025-03-28,2025-03-28,1743198000.0,1743225300.0,0,27300,14,4,False
649,101LAS28,67234,LAS,1,2025-03-28,2025-03-28,1743166800.0,1743195300.0,0,28500,6,4,False
650,400SCF28,67235,SCF,1,2025-03-28,2025-03-28,1743168600.0,1743200700.0,0,32100,6,4,False
651,720SNA28,67236,SNA,1,2025-03-28,2025-03-28,1743177600.0,1743209700.0,0,32100,9,4,False
652,100BUR28,67237,BUR,1,2025-03-28,2025-03-28,1743166800.0,1743194100.0,0,27300,6,4,False
653,108BUR28,67238,BUR,1,2025-03-28,2025-03-28,1743195300.0,1743223500.0,0,28200,13,4,False
654,654LAS28,67239,LAS,1,2025-03-28,2025-03-28,1743175200.0,1743208500.0,0,33300,8,4,False
655,302LAS29,67240,LAS,1,2025-03-29,2025-03-29,1743268500.0,1743298200.0,0,29700,10,4,False
656,400SCF29,67241,SCF,1,2025-03-29,2025-03-29,1743255000.0,1743287400.0,0,32400,6,4,False
657,308LAS29,67242,LAS,1,2025-03-29,2025-03-29,1743272400.0,1743300000.0,0,27600,11,4,False
658,722SNA29,67243,SNA,1,2025-03-29,2025-03-29,1743270600.0,1743302700.0,0,32100,10,4,False
659,114BUR29,67244,BUR,1,2025-03-29,2025-03-29,1743267600.0,1743298800.0,0,31200,10,4,False
660,106BUR29,67245,BUR,1,2025-03-29,2025-03-29,1743270300.0,1743297000.0,0,26700,10,4,False
661,1096DAL29,67246,DAL,1,2025-03-29,2025-03-29,1743257700.0,1743287700.0,0,30000,9,2,False
662,100BUR29,67247,BUR,1,2025-03-29,2025-03-29,1743253200.0,1743280500.0,0,27300,6,4,False
663,300LAS29,67248,LAS,1,2025-03-29,2025-03-29,1743256800.0,1743272700.0,0,15900,7,2,False
664,280DAL29,67249,DAL,2,2025-03-29,2025-03-30,1743250500.0,1743382200.0,1,32100,7,3,False
665,202DAL29,67250,DAL,2,2025-03-29,2025-03-30,1743261000.0,1743391200.0,1,30600,10,3,False
666,174BUR29,67251,BUR,2,2025-03-29,2025-03-30,1743278400.0,1743395700.0,1,25800,13,3,False
667,171OAK29,67252,OAK,2,2025-03-29,2025-03-30,1743257700.0,1743389400.0,1,35100,7,5,False
668,470SCF29,67253,SCF,1,2025-03-29,2025-03-29,1743256200.0,1743294300.0,0,38100,6,4,False
669,476SCF29,67254,SCF,1,2025-03-29,2025-03-29,1743277500.0,1743293100.0,0,15600,12,2,False
670,490SCF29,67255,SCF,1,2025-03-29,2025-03-29,1743266700.0,1743301500.0,0,34800,9,4,False
671,760BUR29,67256,BUR,1,2025-03-29,2025-03-29,1743276000.0,1743309900.0,0,33900,12,4,False
672,280DAL30,67257,DAL,2,2025-03-30,2025-03-31,1743336900.0,1743465600.0,1,36000,7,3,False
673,470SCF30,67258,SCF,1,2025-03-30,2025-03-30,1743342600.0,1743380700.0,0,38100,6,4,False
674,460OAK30,67259,OAK,1,2025-03-30,2025-03-30,1743348000.0,1743383400.0,0,35400,8,4,False
675,416SCF30,67260,SCF,2,2025-03-30,2025-03-31,1743356100.0,1743480600.0,1,34800,10,4,False
676,128LAS30,67261,LAS,1,2025-03-30,2025-03-30,1743367800.0,1743395400.0,0,27600,13,4,False
677,286DAL30,67262,DAL,1,2025-03-30,2025-03-30,1743372900.0,1743388200.0,0,15300,17,2,False
678,904BUR30,67263,BUR,1,2025-03-30,2025-03-30,1743349500.0,1743385200.0,0,35700,8,4,False
679,620LAS30,67264,LAS,1,2025-03-30,2025-03-30,1743349500.0,1743385200.0,0,35700,8,4,False
680,171OAK30,67265,OAK,1,2025-03-30,2025-03-30,1743343200.0,1743372900.0,0,29700,7,4,False
681,490SCF30,67266,SCF,1,2025-03-30,2025-03-30,1743353100.0,1743386100.0,0,33000,9,4,False
682,109LAS30,67267,LAS,1,2025-03-30,2025-03-30,1743370800.0,1743398100.0,0,27300,14,4,False
683,104BUR30,67268,BUR,1,2025-03-30,2025-03-30,1743354300.0,1743383400.0,0,29100,10,4,False
684,476SCF30,67269,SCF,1,2025-03-30,2025-03-30,1743345900.0,1743374400.0,0,28500,7,4,False
685,201LAS30,67270,LAS,1,2025-03-30,2025-03-30,1743354000.0,1743383400.0,0,29400,10,2,False
686,760BUR30,67271,BUR,1,2025-03-30,2025-03-30,1743362400.0,1743396300.0,0,33900,12,4,False
687,119LAS30,67272,LAS,1,2025-03-30,2025-03-30,1743353100.0,1743381600.0,0,28500,9,4,False
688,900DAL30,67273,DAL,1,2025-03-30,2025-03-30,1743346200.0,1743385800.0,0,39600,9,4,False
689,720SNA30,67274,SNA,1,2025-03-30,2025-03-30,1743350400.0,1743382500.0,0,32100,9,4,False
690,300LAS30,67275,LAS,1,2025-03-30,2025-03-30,1743343200.0,1743373800.0,0,30600,7,4,False
691,404SCF30,67276,SCF,1,2025-03-30,2025-03-30,1743357600.0,1743390900.0,0,33300,11,4,False
692,100BUR30,67277,BUR,1,2025-03-30,2025-03-30,1743339600.0,1743366900.0,0,27300,6,4,False
693,302LAS30,67278,LAS,1,2025-03-30,2025-03-30,1743354900.0,1743384600.0,0,29700,10,4,False
694,101LAS30,67279,LAS,1,2025-03-30,2025-03-30,1743339600.0,1743368100.0,0,28500,6,4,False
695,750DAL30,67280,DAL,1,2025-03-30,2025-03-30,1743339600.0,1743379200.0,0,39600,8,4,False
696,400SCF30,67281,SCF,1,2025-03-30,2025-03-30,1743341400.0,1743373500.0,0,32100,6,4,False
697,408SCF30,67282,SCF,1,2025-03-30,2025-03-30,1743378600.0,1743394200.0,0,15600,16,2,False
698,654LAS30,67283,LAS,1,2025-03-30,2025-03-30,1743348000.0,1743381900.0,0,33900,8,4,False
699,775BUR30,67284,BUR,1,2025-03-30,2025-03-30,1743347700.0,1743378000.0,0,30300,8,4,False
700,108BUR31,67285,BUR,1,2025-03-31,2025-03-31,1743454500.0,1743482700.0,0,28200,13,4,False
701,490SCF31,67286,SCF,1,2025-03-31,2025-03-31,1743439500.0,1743472500.0,0,33000,9,4,False
702,170BUR31,67287,BUR,1,2025-03-31,2025-03-31,1743426900.0,1743457200.0,0,30300,6,4,False
703,620LAS31,67288,LAS,1,2025-03-31,2025-03-31,1743435900.0,1743471600.0,0,35700,8,4,False
704,141BUR31,67289,BUR,1,2025-03-31,2025-03-31,1743447000.0,1743479400.0,0,32400,11,4,False
705,650LAS31,67290,LAS,1,2025-03-31,2025-03-31,1743449400.0,1743467700.0,0,18300,12,2,False
706,900DAL31,67291,DAL,1,2025-03-31,2025-03-31,1743432600.0,1743472200.0,0,39600,9,4,False
707,100BUR31,67292,BUR,1,2025-03-31,2025-03-31,1743426000.0,1743453300.0,0,27300,6,4,False
708,302LAS31,67293,LAS,1,2025-03-31,2025-03-31,1743441300.0,1743471000.0,0,29700,10,4,False
709,720SNA31,67294,SNA,1,2025-03-31,2025-03-31,1743436800.0,1743468900.0,0,32100,9,4,False
710,320LAS31,67295,LAS,1,2025-03-31,2025-03-31,1743438600.0,1743468000.0,0,29400,9,4,False
711,400SCF31,67296,SCF,1,2025-03-31,2025-03-31,1743427800.0,1743459900.0,0,32100,6,4,False
712,775BUR31,67297,BUR,1,2025-03-31,2025-03-31,1743434100.0,1743469500.0,0,35400,8,4,False
713,404SCF31,67298,SCF,1,2025-03-31,2025-03-31,1743444000.0,1743477300.0,0,33300,11,4,False
714,290DAL31,67299,DAL,1,2025-03-31,2025-03-31,1743436800.0,1743470100.0,0,33300,11,4,False
715,201LAS31,67300,LAS,1,2025-03-31,2025-03-31,1743440400.0,1743469800.0,0,29400,10,2,False
716,476SCF31,67301,SCF,1,2025-03-31,2025-03-31,1743432300.0,1743460800.0,0,28500,7,4,False
717,175OAK31,67302,OAK,1,2025-03-31,2025-03-31,1743437700.0,1743467100.0,0,29400,9,4,False
718,460OAK31,67303,OAK,1,2025-03-31,2025-03-31,1743434400.0,1743469800.0,0,35400,8,4,False
719,109LAS31,67304,LAS,1,2025-03-31,2025-03-31,1743457200.0,1743484500.0,0,27300,14,4,False
720,1070BUR02,67305,BUR,2,2025-03-02,2025-03-03,1740927600.0,1741060200.0,1,36900,7,2,False
721,1078BUR06,67306,BUR,2,2025-03-06,2025-03-07,1741272600.0,1741405200.0,1,36900,6,2,False
722,323BUR09,67307,BUR,2,2025-03-09,2025-03-10,1741551000.0,1741655400.0,1,30000,13,3,False
723,1062BUR09,67308,BUR,2,2025-03-09,2025-03-10,1741529400.0,1741662000.0,1,36900,7,2,False
724,1070BUR13,67309,BUR,2,2025-03-13,2025-03-14,1741874400.0,1742007000.0,1,36900,7,2,False
725,1078BUR16,67310,BUR,2,2025-03-16,2025-03-17,1742133000.0,1742265600.0,1,36900,6,2,False
726,1062BUR20,67311,BUR,2,2025-03-20,2025-03-21,1742479800.0,1742612400.0,1,36900,7,2,False
727,323BUR23,67312,BUR,2,2025-03-23,2025-03-24,1742760600.0,1742877900.0,1,30000,13,3,False
728,1070BUR23,67313,BUR,2,2025-03-23,2025-03-24,1742738400.0,1742871000.0,1,36900,7,2,False
729,1078BUR27,67314,BUR,2,2025-03-27,2025-03-28,1743083400.0,1743216000.0,1,36900,6,2,False
730,1062BUR30,67315,BUR,2,2025-03-30,2025-03-31,1743343800.0,1743476400.0,1,36900,7,2,False
731,1076DAL06,67316,DAL,2,2025-03-06,2025-03-07,1741282200.0,1741395600.0,1,36900,11,2,False
732,1060DAL09,67317,DAL,2,2025-03-09,2025-03-10,1741539000.0,1741663200.0,1,36900,11,4,False
733,1068DAL13,67318,DAL,2,2025-03-13,2025-03-14,1741884000.0,1741980600.0,1,31500,11,2,False
734,1076DAL16,67319,DAL,2,2025-03-16,2025-03-17,1742142600.0,1742268000.0,1,36900,11,2,False
735,1060DAL20,67320,DAL,2,2025-03-20,2025-03-21,1742489400.0,1742604600.0,1,36900,11,2,False
736,1068DAL23,67321,DAL,2,2025-03-23,2025-03-24,1742748000.0,1742872800.0,1,36900,11,2,False
737,1076DAL27,67322,DAL,2,2025-03-27,2025-03-28,1743093000.0,1743209400.0,1,36900,11,2,False
738,1060DAL30,67323,DAL,2,2025-03-30,2025-03-31,1743353400.0,1743477600.0,1,36900,11,2,False
739,1098BUR29,67324,BUR,1,2025-03-29,2025-03-29,1743270000.0,1743306600.0,0,36600,10,2,False
740,DH,67325,DAL,2,2025-03-01,2025-03-02,1740844800.0,1740963600.0,1,27900,9,3,False
741,DH DAL 16,67326,DAL,2,2025-03-16,2025-03-17,1742148000.0,1742255400.0,1,30900,13,2,False
742,301SNA31,67327,SNA,1,2025-03-31,2025-03-31,1743435600.0,1743468000.0,0,32400,8,4,False
743,750DAL31,67328,DAL,1,2025-03-31,2025-03-31,1743426000.0,1743447900.0,0,21900,8,2,False
744,101LAS31,67329,LAS,1,2025-03-31,2025-03-31,1743426000.0,1743459600.0,0,33600,6,3,False
745,102BUR31,67330,BUR,1,2025-03-31,2025-03-31,1743432000.0,1743466800.0,0,34800,7,5,False
746,280DAL31,67331,DAL,1,2025-03-31,2025-03-31,1743419700.0,1743450000.0,0,30300,6,3,False
747,470SCF31,67332,SCF,1,2025-03-31,2025-03-31,1743429000.0,1743464400.0,0,35400,6,4,False
748,1066BUR31,67333,BUR,1,2025-03-31,2025-03-31,1743429900.0,1743464400.0,0,34500,7,2,False
749,C9,67334,DAL,1,2025-03-02,2025-03-02,1740921300.0,1740937500.0,0,16200,7,2,True
750,C10,67335,DAL,1,2025-03-05,2025-03-05,1741180500.0,1741203900.0,0,23400,7,2,True
751,C11,67336,DAL,1,2025-03-07,2025-03-07,1741355100.0,1741371300.0,0,16200,7,2,True
752,C12,67337,DAL,1,2025-03-07,2025-03-07,1741353300.0,1741385700.0,0,32400,7,2,True
753,C13,67338,DAL,1,2025-03-09,2025-03-09,1741536900.0,1741554900.0,0,18000,11,2,True
754,C14,67339,DAL,1,2025-03-09,2025-03-09,1741522500.0,1741556700.0,0,34200,7,2,True
755,C15,67340,DAL,1,2025-03-12,2025-03-12,1741781700.0,1741814100.0,0,32400,7,2,True
756,C16,67341,DAL,1,2025-03-14,2025-03-14,1741968900.0,1741986900.0,0,18000,11,2,True
757,C17,67342,DAL,1,2025-03-24,2025-03-24,1742818500.0,1742834700.0,0,16200,7,2,True
758,C18,67343,DAL,1,2025-03-26,2025-03-26,1743005700.0,1743023700.0,0,18000,11,2,True
759,XE503,67344,OPF,1,2025-03-02,2025-03-02,1740926400.0,1740956700.0,0,30300,9,2,False
760,XE503,67345,OPF,1,2025-03-03,2025-03-03,1741012800.0,1741043100.0,0,30300,9,2,False
761,XE503,67346,OPF,1,2025-03-06,2025-03-06,1741272000.0,1741302300.0,0,30300,9,2,False
762,XE503,67347,OPF,1,2025-03-07,2025-03-07,1741358400.0,1741388700.0,0,30300,9,2,False
763,XE503,67348,OPF,1,2025-03-09,2025-03-09,1741527600.0,1741557900.0,0,30300,9,2,False
764,XE503,67349,OPF,1,2025-03-10,2025-03-10,1741614000.0,1741644300.0,0,30300,9,2,False
765,XE503,67350,OPF,1,2025-03-13,2025-03-13,1741873200.0,1741903500.0,0,30300,9,2,False
766,XE503,67351,OPF,1,2025-03-14,2025-03-14,1741959600.0,1741989900.0,0,30300,9,2,False
767,XE503,67352,OPF,1,2025-03-16,2025-03-16,1742132400.0,1742162700.0,0,30300,9,2,False
768,XE503,67353,OPF,1,2025-03-17,2025-03-17,1742218800.0,1742249100.0,0,30300,9,2,False
769,XE503,67354,OPF,1,2025-03-20,2025-03-20,1742478000.0,1742508300.0,0,30300,9,2,False
770,XE503,67355,OPF,1,2025-03-21,2025-03-21,1742564400.0,1742594700.0,0,30300,9,2,False
771,XE503,67356,OPF,1,2025-03-23,2025-03-23,1742737200.0,1742767500.0,0,30300,9,2,False
772,XE503,67357,OPF,1,2025-03-24,2025-03-24,1742823600.0,1742853900.0,0,30300,9,2,False
773,XE503,67358,OPF,1,2025-03-27,2025-03-27,1743082800.0,1743113100.0,0,30300,9,2,False
774,XE503,67359,OPF,1,2025-03-28,2025-03-28,1743169200.0,1743199500.0,0,30300,9,2,False
775,XE503,67360,OPF,1,2025-03-30,2025-03-30,1743342000.0,1743372300.0,0,30300,9,2,False
776,XE503,67361,OPF,1,2025-03-31,2025-03-31,1743428400.0,1743458700.0,0,30300,9,2,False
777,XE850,67364,OPF,1,2025-03-04,2025-03-04,1741103100.0,1741134300.0,0,31200,10,2,False
778,XE850,67365,OPF,1,2025-03-05,2025-03-05,1741189500.0,1741220700.0,0,31200,10,2,False
779,XE850,67366,OPF,1,2025-03-06,2025-03-06,1741275900.0,1741307100.0,0,31200,10,2,False
780,XE850,67367,OPF,1,2025-03-07,2025-03-07,1741362300.0,1741393500.0,0,31200,10,2,False
781,XE850,67368,OPF,1,2025-03-08,2025-03-08,1741448700.0,1741479900.0,0,31200,10,2,False
782,XE850,67369,OPF,1,2025-03-09,2025-03-09,1741531500.0,1741562700.0,0,31200,10,2,False
783,XE850,67370,OPF,1,2025-03-10,2025-03-10,1741617900.0,1741649100.0,0,31200,10,2,False
784,XE850,67371,OPF,1,2025-03-11,2025-03-11,1741704300.0,1741735500.0,0,31200,10,2,False
785,XE850,67372,OPF,1,2025-03-12,2025-03-12,1741790700.0,1741821900.0,0,31200,10,2,False
786,XE850,67373,OPF,1,2025-03-13,2025-03-13,1741877100.0,1741908300.0,0,31200,10,2,False
787,XE850,67374,OPF,1,2025-03-14,2025-03-14,1741963500.0,1741994700.0,0,31200,10,2,False
788,XE850,67375,OPF,1,2025-03-15,2025-03-15,1742049900.0,1742081100.0,0,31200,10,2,False
789,XE850,67376,OPF,1,2025-03-16,2025-03-16,1742136300.0,1742167500.0,0,31200,10,2,False
790,XE850,67377,OPF,1,2025-03-17,2025-03-17,1742222700.0,1742253900.0,0,31200,10,2,False
791,XE850,67378,OPF,1,2025-03-18,2025-03-18,1742309100.0,1742340300.0,0,31200,10,2,False
792,XE850,67379,OPF,1,2025-03-19,2025-03-19,1742395500.0,1742426700.0,0,31200,10,2,False
793,XE850,67380,OPF,1,2025-03-20,2025-03-20,1742481900.0,1742513100.0,0,31200,10,2,False
794,XE850,67381,OPF,1,2025-03-21,2025-03-21,1742568300.0,1742599500.0,0,31200,10,2,False
795,XE850,67382,OPF,1,2025-03-22,2025-03-22,1742654700.0,1742685900.0,0,31200,10,2,False
796,XE850,67383,OPF,1,2025-03-23,2025-03-23,1742741100.0,1742772300.0,0,31200,10,2,False
797,XE850,67384,OPF,1,2025-03-24,2025-03-24,1742827500.0,1742858700.0,0,31200,10,2,False
798,XE850,67385,OPF,1,2025-03-25,2025-03-25,1742913900.0,1742945100.0,0,31200,10,2,False
799,XE512,67393,DAL,1,2025-03-14,2025-03-14,1741972500.0,1742001300.0,0,28800,12,2,False
800,XE512,67394,DAL,1,2025-03-15,2025-03-15,1742058900.0,1742087700.0,0,28800,12,2,False
801,XE512,67395,DAL,1,2025-03-22,2025-03-22,1742663700.0,1742692500.0,0,28800,12,2,False
802,DHSCF14,67396,SCF,1,2025-03-14,2025-03-14,1741982400.0,1742002800.0,0,20400,13,1,False
803,XE510,67400,DAL,2,2025-03-01,2025-03-02,1740841500.0,1740960300.0,1,35400,9,2,False
804,XE510,67401,DAL,2,2025-03-02,2025-03-03,1740927900.0,1741046700.0,1,35400,9,2,False
805,XE510,67402,DAL,2,2025-03-03,2025-03-04,1741014300.0,1741133100.0,1,35400,9,2,False
806,XE510,67403,DAL,2,2025-03-04,2025-03-05,1741100700.0,1741219500.0,1,35400,9,2,False
807,XE510,67404,DAL,2,2025-03-05,2025-03-06,1741187100.0,1741305900.0,1,35400,9,2,False
808,XE510,67405,DAL,2,2025-03-06,2025-03-07,1741273500.0,1741392300.0,1,35400,9,2,False
809,XE510,67406,DAL,2,2025-03-07,2025-03-08,1741359900.0,1741478700.0,1,35400,9,2,False
810,XE510,67407,DAL,2,2025-03-08,2025-03-09,1741446300.0,1741561500.0,1,35400,9,2,False
811,XE510,67408,DAL,2,2025-03-09,2025-03-10,1741529100.0,1741647900.0,1,35400,9,2,False
812,XE510,67409,DAL,2,2025-03-10,2025-03-11,1741615500.0,1741734300.0,1,35400,9,2,False
813,XE510,67410,DAL,2,2025-03-11,2025-03-12,1741701900.0,1741820700.0,1,35400,9,2,False
814,XE510,67411,DAL,2,2025-03-12,2025-03-13,1741788300.0,1741907100.0,1,35400,9,2,False
815,XE510,67412,DAL,2,2025-03-13,2025-03-14,1741874700.0,1741993500.0,1,35400,9,2,False
816,XE510,67413,DAL,2,2025-03-14,2025-03-15,1741961100.0,1742079900.0,1,35400,9,2,False
817,XE510,67414,DAL,2,2025-03-15,2025-03-16,1742047500.0,1742166300.0,1,35400,9,2,False
818,XE510,67415,DAL,2,2025-03-16,2025-03-17,1742133900.0,1742252700.0,1,35400,9,2,False
819,XE510,67416,DAL,2,2025-03-17,2025-03-18,1742220300.0,1742339100.0,1,35400,9,2,False
820,XE510,67417,DAL,2,2025-03-19,2025-03-20,1742393100.0,1742511900.0,1,35400,9,2,False
821,XE510,67418,DAL,2,2025-03-18,2025-03-19,1742306700.0,1742425500.0,1,35400,9,2,False
822,XE510,67419,DAL,2,2025-03-20,2025-03-21,1742479500.0,1742598300.0,1,35400,9,2,False
823,XE510,67420,DAL,2,2025-03-22,2025-03-23,1742652300.0,1742771100.0,1,35400,9,2,False
824,XE510,67421,DAL,2,2025-03-21,2025-03-22,1742565900.0,1742684700.0,1,35400,9,2,False
825,XE510,67422,DAL,2,2025-03-23,2025-03-24,1742738700.0,1742857500.0,1,35400,9,2,False
826,XE510,67423,DAL,2,2025-03-24,2025-03-25,1742825100.0,1742943900.0,1,35400,9,2,False
827,XE510,67424,DAL,2,2025-03-25,2025-03-26,1742911500.0,1743030300.0,1,35400,9,2,False
828,XE510,67425,DAL,2,2025-03-26,2025-03-27,1742997900.0,1743116700.0,1,35400,9,2,False
829,XE510,67426,DAL,2,2025-03-27,2025-03-28,1743084300.0,1743203100.0,1,35400,9,2,False
830,XE510,67427,DAL,2,2025-03-28,2025-03-29,1743170700.0,1743289500.0,1,35400,9,2,False
831,XE510,67428,DAL,2,2025-03-29,2025-03-30,1743257100.0,1743375900.0,1,35400,9,2,False
832,XE510,67429,DAL,2,2025-03-30,2025-03-31,1743343500.0,1743462300.0,1,35400,9,2,False
833,XE510,67430,DAL,1,2025-03-31,2025-03-31,1743429900.0,1743459300.0,0,29400,9,2,False
834,C19,67437,SNA,1,2025-03-03,2025-03-03,1741012200.0,1741035000.0,0,22800,6,2,True
835,C20,67438,SNA,1,2025-03-07,2025-03-07,1741370400.0,1741395000.0,0,24600,10,2,True
836,C21,67439,SNA,1,2025-03-10,2025-03-10,1741613400.0,1741636200.0,0,22800,6,2,True
837,C22,67440,SNA,1,2025-03-14,2025-03-14,1741971600.0,1741996200.0,0,24600,10,2,True
838,C23,67441,SNA,1,2025-03-17,2025-03-17,1742218200.0,1742241000.0,0,22800,6,2,True
839,R0,R0,BUR,1,2025-03-01,2025-03-01,1740855600.0,1740870000.0,0,10000,8,1,False
840,R1,R1,BUR,1,2025-03-02,2025-03-02,1740942000.0,1740956400.0,0,10000,8,1,False
841,R2,R2,BUR,1,2025-03-03,2025-03-03,1741028400.0,1741042800.0,0,10000,8,1,False
842,R3,R3,BUR,1,2025-03-04,2025-03-04,1741114800.0,1741129200.0,0,10000,8,1,False
843,R4,R4,BUR,1,2025-03-05,2025-03-05,1741201200.0,1741215600.0,0,10000,8,1,False
844,R5,R5,DAL,1,2025-03-01,2025-03-01,1740855600.0,1740870000.0,0,10000,8,1,False
845,R6,R6,DAL,1,2025-03-02,2025-03-02,1740942000.0,1740956400.0,0,10000,8,1,False
846,R7,R7,DAL,1,2025-03-03,2025-03-03,1741028400.0,1741042800.0,0,10000,8,1,False
847,R8,R8,DAL,1,2025-03-04,2025-03-04,1741114800.0,1741129200.0,0,10000,8,1,False
848,R9,R9,DAL,1,2025-03-05,2025-03-05,1741201200.0,1741215600.0,0,10000,8,1,False
849,R10,R10,DAL,1,2025-03-06,2025-03-06,1741287600.0,1741302000.0,0,10000,8,1,False
850,R11,R11,DAL,1,2025-03-07,2025-03-07,1741374000.0,1741388400.0,0,10000,8,1,False
851,R12,R12,DAL,1,2025-03-08,2025-03-08,1741460400.0,1741474800.0,0,10000,8,1,False
852,R13,R13,DAL,1,2025-03-09,2025-03-09,1741546800.0,1741561200.0,0,10000,8,1,False
853,R14,R14,DAL,1,2025-03-10,2025-03-10,1741629600.0,1741644000.0,0,10000,8,1,False
854,R15,R15,DAL,1,2025-03-11,2025-03-11,1741716000.0,1741730400.0,0,10000,8,1,False
855,R16,R16,DAL,1,2025-03-12,2025-03-12,1741802400.0,1741816800.0,0,10000,8,1,False
856,R17,R17,DAL,1,2025-03-13,2025-03-13,1741888800.0,1741903200.0,0,10000,8,1,False
857,R18,R18,DAL,1,2025-03-14,2025-03-14,1741975200.0,1741989600.0,0,10000,8,1,False
858,R19,R19,DAL,1,2025-03-15,2025-03-15,1742061600.0,1742076000.0,0,10000,8,1,False
859,R20,R20,DAL,1,2025-03-16,2025-03-16,1742148000.0,1742162400.0,0,10000,8,1,False
860,R21,R21,DAL,1,2025-03-17,2025-03-17,1742234400.0,1742248800.0,0,10000,8,1,False
861,R22,R22,DAL,1,2025-03-18,2025-03-18,1742320800.0,1742335200.0,0,10000,8,1,False
862,R23,R23,DAL,1,2025-03-19,2025-03-19,1742407200.0,1742421600.0,0,10000,8,1,False
863,R24,R24,DAL,1,2025-03-20,2025-03-20,1742493600.0,1742508000.0,0,10000,8,1,False
864,R25,R25,DAL,1,2025-03-21,2025-03-21,1742580000.0,1742594400.0,0,10000,8,1,False
865,R26,R26,DAL,1,2025-03-22,2025-03-22,1742666400.0,1742680800.0,0,10000,8,1,False
866,R27,R27,DAL,1,2025-03-23,2025-03-23,1742752800.0,1742767200.0,0,10000,8,1,False
867,R28,R28,DAL,1,2025-03-24,2025-03-24,1742839200.0,1742853600.0,0,10000,8,1,False
868,R29,R29,DAL,1,2025-03-25,2025-03-25,1742925600.0,1742940000.0,0,10000,8,1,False
869,R30,R30,DAL,1,2025-03-26,2025-03-26,1743012000.0,1743026400.0,0,10000,8,1,False
870,R31,R31,DAL,1,2025-03-27,2025-03-27,1743098400.0,1743112800.0,0,10000,8,1,False
871,R32,R32,DAL,1,2025-03-28,2025-03-28,1743184800.0,1743199200.0,0,10000,8,1,False
872,R33,R33,DAL,1,2025-03-29,2025-03-29,1743271200.0,1743285600.0,0,10000,8,1,False
873,R34,R34,DAL,1,2025-03-30,2025-03-30,1743357600.0,1743372000.0,0,10000,8,1,False
874,R35,R35,DAL,1,2025-03-31,2025-03-31,1743444000.0,1743458400.0,0,10000,8,1,False
875,R36,R36,LAS,1,2025-03-01,2025-03-01,1740855600.0,1740870000.0,0,10000,8,1,False
876,R37,R37,LAS,1,2025-03-02,2025-03-02,1740942000.0,1740956400.0,0,10000,8,1,False
877,R38,R38,LAS,1,2025-03-03,2025-03-03,1741028400.0,1741042800.0,0,10000,8,1,False
878,R39,R39,LAS,1,2025-03-04,2025-03-04,1741114800.0,1741129200.0,0,10000,8,1,False
879,R40,R40,LAS,1,2025-03-05,2025-03-05,1741201200.0,1741215600.0,0,10000,8,1,False
880,R41,R41,LAS,1,2025-03-06,2025-03-06,1741287600.0,1741302000.0,0,10000,8,1,False
881,R42,R42,LAS,1,2025-03-07,2025-03-07,1741374000.0,1741388400.0,0,10000,8,1,False
882,R43,R43,SNA,1,2025-03-03,2025-03-03,1741028400.0,1741042800.0,0,10000,8,1,False
883,R44,R44,SNA,1,2025-03-07,2025-03-07,1741374000.0,1741388400.0,0,10000,8,1,False
884,R45,R45,SNA,1,2025-03-10,2025-03-10,1741629600.0,1741644000.0,0,10000,8,1,False
885,R46,R46,SNA,1,2025-03-14,2025-03-14,1741975200.0,1741989600.0,0,10000,8,1,False
886,R47,R47,SNA,1,2025-03-17,2025-03-17,1742234400.0,1742248800.0,0,10000,8,1,False
887,R48,R48,SNA,1,2025-03-21,2025-03-21,1742580000.0,1742594400.0,0,10000,8,1,False
888,R49,R49,SNA,1,2025-03-24,2025-03-24,1742839200.0,1742853600.0,0,10000,8,1,False
